2026-09-19 22:08:36,764 [INFO] great_sage.app: Great Sage starting (frozen=False, base=C:\Users\rimse\Downloads\The-GREAT-SAGE-master)
2026-09-19 22:08:37,139 [INFO] great_sage.app: Missing prerequisites: Ollama runtime, Ollama service, Chat model (qwen3.5:4b)
2026-09-19 22:08:37,164 [CRITICAL] great_sage.app: Great Sage failed to start:
Traceback (most recent call last):
  File "C:\Users\rimse\Downloads\The-GREAT-SAGE-master\app.py", line 101, in <module>
    raise SystemExit(main())
                     ~~~~^^
  File "C:\Users\rimse\Downloads\The-GREAT-SAGE-master\app.py", line 85, in main
    import installer
  File "C:\Users\rimse\Downloads\The-GREAT-SAGE-master\installer.py", line 28, in <module>
    import webview  # noqa: E402
    ^^^^^^^^^^^^^^
ModuleNotFoundError: No module named 'webview'

2026-09-19 22:29:22,861 [INFO] great_sage.app: Great Sage starting (frozen=False, base=C:\Users\rimse\Downloads\The-GREAT-SAGE-master)
2026-09-19 22:29:41,638 [INFO] great_sage.app: Missing prerequisites: Ollama runtime, Ollama service, Chat model (qwen3.5:4b)
2026-09-19 22:29:50,281 [INFO] installer: Ollama runtime                   MISSING  not found on PATH or in the default install location
2026-09-19 22:29:50,281 [INFO] installer: Ollama service                   MISSING  ConnectionError: HTTPConnectionPool(host='localhost', port=11434): Max retries exceeded wi
2026-09-19 22:29:50,281 [INFO] installer: Chat model (qwen3.5:4b)          MISSING  ConnectionError
2026-09-19 22:29:50,281 [INFO] installer: Microsoft WebView2 runtime       OK  version 153.0.4234.48
2026-09-19 22:29:50,281 [INFO] installer: CUDA GPU (for voice)             OK  NVIDIA GeForce GTX 1650 Ti
2026-09-19 22:29:50,281 [INFO] installer: Voice model weights              MISSING  will download on first use
2026-09-19 22:29:50,281 [INFO] installer: Overlay host (PySide6)           OK  Qt 6.4.3 (.overlay-venv)
2026-09-19 22:29:50,281 [INFO] installer: Reference voice clip             OK  C:\Users\rimse\Downloads\The-GREAT-SAGE-master\voice_samples\candidates\voice_a.wav
2026-09-19 22:52:53,758 [INFO] great_sage.app: Great Sage starting (frozen=False, base=C:\Users\rimse\Downloads\The-GREAT-SAGE-master)
2026-09-19 22:53:03,501 [INFO] run_hud: Starting Great Sage HUD
2026-09-19 22:53:05,594 [INFO] great_sage.core.hud_settings: Seeded settings from the shipped defaults
2026-09-19 22:53:11,207 [INFO] matplotlib.font_manager: generated new fontManager
2026-09-19 22:54:20,705 [CRITICAL] great_sage.app: Great Sage failed to start:
Traceback (most recent call last):
  File "C:\Users\rimse\Downloads\The-GREAT-SAGE-master\app.py", line 101, in <module>
    raise SystemExit(main())
                     ~~~~^^
  File "C:\Users\rimse\Downloads\The-GREAT-SAGE-master\app.py", line 93, in main
    return run_hud.main()
           ~~~~~~~~~~~~^^
  File "C:\Users\rimse\Downloads\The-GREAT-SAGE-master\run_hud.py", line 653, in main
    voice = _build_voice(provider)
  File "C:\Users\rimse\Downloads\The-GREAT-SAGE-master\run_hud.py", line 597, in _build_voice
    return F5TTSVoiceOutput(
        reference_audio_path=settings.F5_REFERENCE_AUDIO_PATH,
    ...<3 lines>...
        single_shot=settings.VOICE_SINGLE_SHOT,
    )
  File "C:\Users\rimse\Downloads\The-GREAT-SAGE-master\great_sage\voice\f5_tts_engine.py", line 235, in __init__
    from f5_tts.api import F5TTS
  File "C:\Users\rimse\AppData\Roaming\Python\Python314\site-packages\f5_tts\api.py", line 11, in <module>
    from f5_tts.infer.utils_infer import (
    ...<7 lines>...
    )
  File "C:\Users\rimse\AppData\Roaming\Python\Python314\site-packages\f5_tts\infer\utils_infer.py", line 28, in <module>
    from transformers import pipeline
  File "<frozen importlib._bootstrap>", line 1431, in _handle_fromlist
  File "C:\Users\rimse\AppData\Roaming\Python\Python314\site-packages\transformers\utils\import_utils.py", line 2560, in __getattr__
    module = self._get_module(self._class_to_module[name])
  File "C:\Users\rimse\AppData\Roaming\Python\Python314\site-packages\transformers\utils\import_utils.py", line 2792, in _get_module
    return importlib.import_module("." + module_name, self.__name__)
           ~~~~~~~~~~~~~~~~~~~~~~~^^^^^^^^^^^^^^^^^^^^^^^^^^^^^^^^^^
  File "C:\Python314\Lib\importlib\__init__.py", line 88, in import_module
    return _bootstrap._gcd_import(name[level:], package, level)
           ~~~~~~~~~~~~~~~~~~~~~~^^^^^^^^^^^^^^^^^^^^^^^^^^^^^^
  File "C:\Users\rimse\AppData\Roaming\Python\Python314\site-packages\transformers\pipelines\__init__.py", line 29, in <module>
    from ..models.auto.feature_extraction_auto import FEATURE_EXTRACTOR_MAPPING, AutoFeatureExtractor
  File "C:\Users\rimse\AppData\Roaming\Python\Python314\site-packages\transformers\models\auto\feature_extraction_auto.py", line 25, in <module>
    from .auto_factory import _LazyAutoMapping
  File "C:\Users\rimse\AppData\Roaming\Python\Python314\site-packages\transformers\models\auto\auto_factory.py", line 42, in <module>
    from ...generation import GenerationMixin
  File "<frozen importlib._bootstrap>", line 1431, in _handle_fromlist
  File "C:\Users\rimse\AppData\Roaming\Python\Python314\site-packages\transformers\utils\import_utils.py", line 2560, in __getattr__
    module = self._get_module(self._class_to_module[name])
  File "C:\Users\rimse\AppData\Roaming\Python\Python314\site-packages\transformers\utils\import_utils.py", line 2792, in _get_module
    return importlib.import_module("." + module_name, self.__name__)
           ~~~~~~~~~~~~~~~~~~~~~~~^^^^^^^^^^^^^^^^^^^^^^^^^^^^^^^^^^
  File "C:\Python314\Lib\importlib\__init__.py", line 88, in import_module
    return _bootstrap._gcd_import(name[level:], package, level)
           ~~~~~~~~~~~~~~~~~~~~~~^^^^^^^^^^^^^^^^^^^^^^^^^^^^^^
  File "C:\Users\rimse\AppData\Roaming\Python\Python314\site-packages\transformers\generation\utils.py", line 56, in <module>
    from .candidate_generator import (
    ...<13 lines>...
    )
  File "C:\Users\rimse\AppData\Roaming\Python\Python314\site-packages\transformers\generation\candidate_generator.py", line 31, in <module>
    from sklearn.metrics import roc_curve
  File "C:\Users\rimse\AppData\Roaming\Python\Python314\site-packages\sklearn\__init__.py", line 70, in <module>
    from sklearn.base import clone  # noqa: E402
    ^^^^^^^^^^^^^^^^^^^^^^^^^^^^^^
  File "C:\Users\rimse\AppData\Roaming\Python\Python314\site-packages\sklearn\base.py", line 20, in <module>
    from sklearn.utils._metadata_requests import _MetadataRequester, _routing_enabled
  File "C:\Users\rimse\AppData\Roaming\Python\Python314\site-packages\sklearn\utils\__init__.py", line 9, in <module>
    from sklearn.utils._chunking import gen_batches, gen_even_slices
  File "C:\Users\rimse\AppData\Roaming\Python\Python314\site-packages\sklearn\utils\_chunking.py", line 11, in <module>
    from sklearn.utils._param_validation import Interval, validate_params
  File "C:\Users\rimse\AppData\Roaming\Python\Python314\site-packages\sklearn\utils\_param_validation.py", line 17, in <module>
    from sklearn.utils.validation import _is_arraylike_not_scalar
  File "C:\Users\rimse\AppData\Roaming\Python\Python314\site-packages\sklearn\utils\validation.py", line 24, in <module>
    from sklearn.utils._array_api import (
    ...<6 lines>...
    )
  File "C:\Users\rimse\AppData\Roaming\Python\Python314\site-packages\sklearn\utils\_array_api.py", line 23, in <module>
    from sklearn.utils.fixes import parse_version
  File "C:\Users\rimse\AppData\Roaming\Python\Python314\site-packages\sklearn\utils\fixes.py", line 19, in <module>
    import pandas as pd
  File "C:\Users\rimse\AppData\Roaming\Python\Python314\site-packages\pandas\__init__.py", line 147, in <module>
    from pandas import api, arrays, errors, io, plotting, tseries
  File "C:\Users\rimse\AppData\Roaming\Python\Python314\site-packages\pandas\api\__init__.py", line 3, in <module>
    from pandas.api import (
    ...<6 lines>...
    )
  File "C:\Users\rimse\AppData\Roaming\Python\Python314\site-packages\pandas\api\typing\__init__.py", line 34, in <module>
    from pandas.io.json._json import JsonReader
  File "C:\Users\rimse\AppData\Roaming\Python\Python314\site-packages\pandas\io\json\__init__.py", line 1, in <module>
    from pandas.io.json._json import (
    ...<4 lines>...
    )
  File "C:\Users\rimse\AppData\Roaming\Python\Python314\site-packages\pandas\io\json\_json.py", line 66, in <module>
    from pandas.io.json._normalize import convert_to_line_delimits
  File "<frozen importlib._bootstrap>", line 1371, in _find_and_load
  File "<frozen importlib._bootstrap>", line 1342, in _find_and_load_unlocked
  File "<frozen importlib._bootstrap>", line 938, in _load_unlocked
  File "<frozen importlib._bootstrap_external>", line 755, in exec_module
  File "<frozen importlib._bootstrap_external>", line 845, in get_code
  File "<frozen importlib._bootstrap_external>", line 968, in path_stats
  File "<frozen importlib._bootstrap_external>", line 152, in _path_stat
KeyboardInterrupt

2026-09-19 22:56:58,596 [INFO] great_sage.app: Great Sage starting (frozen=False, base=C:\Users\rimse\Downloads\The-GREAT-SAGE-master)
2026-09-19 22:57:07,808 [INFO] run_hud: Starting Great Sage HUD
2026-09-19 22:57:33,210 [INFO] httpx: HTTP Request: GET https://huggingface.co/api/agent-harnesses "HTTP/1.1 200 OK"
2026-09-19 22:57:33,351 [INFO] httpx: HTTP Request: HEAD https://huggingface.co/charactr/vocos-mel-24khz/resolve/main/config.yaml "HTTP/1.1 307 Temporary Redirect"
2026-09-19 22:57:33,351 [WARNING] huggingface_hub.utils._http: Warning: You are sending unauthenticated requests to the HF Hub. Please set a HF_TOKEN to enable higher rate limits and faster downloads.
2026-09-19 22:57:33,419 [INFO] httpx: HTTP Request: HEAD https://huggingface.co/api/resolve-cache/models/charactr/vocos-mel-24khz/0feb3fdd929bcd6649e0e7c5a688cf7dd012ef21/config.yaml?%2Fcharactr%2Fvocos-mel-24khz%2Fresolve%2Fmain%2Fconfig.yaml=&etag=%22538262138a8b43863802f279909f26ec31c766b3%22 "HTTP/1.1 200 OK"
2026-09-19 22:57:33,502 [INFO] httpx: HTTP Request: GET https://huggingface.co/api/resolve-cache/models/charactr/vocos-mel-24khz/0feb3fdd929bcd6649e0e7c5a688cf7dd012ef21/config.yaml?%2Fcharactr%2Fvocos-mel-24khz%2Fresolve%2Fmain%2Fconfig.yaml=&etag=%22538262138a8b43863802f279909f26ec31c766b3%22 "HTTP/1.1 200 OK"
2026-09-19 22:57:33,659 [INFO] httpx: HTTP Request: HEAD https://huggingface.co/charactr/vocos-mel-24khz/resolve/main/pytorch_model.bin "HTTP/1.1 302 Found"
2026-09-19 22:57:34,106 [INFO] httpx: HTTP Request: GET https://huggingface.co/api/models/charactr/vocos-mel-24khz/xet-read-token/0feb3fdd929bcd6649e0e7c5a688cf7dd012ef21 "HTTP/1.1 200 OK"
2026-09-19 22:57:44,354 [INFO] httpx: HTTP Request: HEAD https://huggingface.co/SWivid/F5-TTS/resolve/main/F5TTS_v1_Base/model_1250000.safetensors "HTTP/1.1 302 Found"
2026-09-19 22:57:44,498 [INFO] httpx: HTTP Request: GET https://huggingface.co/api/models/SWivid/F5-TTS/xet-read-token/84e5a410d9cead4de2f847e7c9369a6440bdfaca "HTTP/1.1 200 OK"
2026-09-19 22:59:18,636 [INFO] great_sage.server: Restored active voice: voice_a
2026-09-19 22:59:18,644 [INFO] great_sage.server: Restored voice FX settings
2026-09-19 22:59:18,670 [INFO] great_sage.server: Autonomy running (0 task(s) restored)
2026-09-19 22:59:18,684 [INFO] great_sage.server: Watching for fullscreen games (auto GAMING mode)
2026-09-19 22:59:18,701 [INFO] great_sage.core.global_hotkey: Global hotkey active: alt+1 (works from any window)
2026-09-19 22:59:18,945 [INFO] websockets.server: server listening on 127.0.0.1:8765
2026-09-19 22:59:18,945 [INFO] websockets.server: server listening on [::1]:8765
2026-09-19 22:59:18,946 [INFO] great_sage.server: WebSocket bridge listening on ws://localhost:8765
2026-09-19 22:59:23,911 [INFO] websockets.server: connection open
2026-09-19 22:59:23,912 [INFO] great_sage.server: Client connected (::1:64959) ML, like Gecko) Chrome/153.0.0.0 Safari/537.36 Edg/153.0.0.0
2026-09-19 22:59:23,915 [INFO] great_sage.server: Mode: COMPANION (model resident=True, hud fps=normal, wake word=True, web=True, online=True)
2026-09-19 22:59:24,808 [INFO] great_sage.server: Client is the hud
2026-09-19 22:59:25,347 [INFO] great_sage.server: Interface sounds ready (12/12)
2026-09-19 22:59:25,451 [INFO] great_sage.server: Voice key is now alt+1 (works from any window)
2026-09-19 22:59:25,499 [INFO] run_hud: Placed window centre at (0,0) size 1924x1055
2026-09-19 22:59:25,518 [INFO] run_hud: Resize border on (style now 0x16050000)
2026-09-19 22:59:25,521 [INFO] run_hud: Host window background set to #070d14 (was the WinForms default, 240,240,240)
2026-09-19 23:00:52,384 [INFO] great_sage.server: Voice key down: listening (mode COMPANION)
2026-09-19 23:00:54,476 [INFO] great_sage.server: Voice key up: transcribing
2026-09-19 23:00:57,256 [INFO] httpx: HTTP Request: GET https://huggingface.co/api/models/Systran/faster-whisper-base.en/revision/main "HTTP/1.1 200 OK"
2026-09-19 23:00:57,408 [INFO] httpx: HTTP Request: GET https://huggingface.co/api/models/Systran/faster-whisper-base.en/tree/3d3d5dee26484f91867d81cb899cfcf72b96be6c?recursive=true&expand=false "HTTP/1.1 200 OK"
2026-09-19 23:00:57,580 [INFO] httpx: HTTP Request: HEAD https://huggingface.co/Systran/faster-whisper-base.en/resolve/3d3d5dee26484f91867d81cb899cfcf72b96be6c/config.json "HTTP/1.1 307 Temporary Redirect"
2026-09-19 23:00:57,656 [INFO] httpx: HTTP Request: HEAD https://huggingface.co/api/resolve-cache/models/Systran/faster-whisper-base.en/3d3d5dee26484f91867d81cb899cfcf72b96be6c/config.json?%2FSystran%2Ffaster-whisper-base.en%2Fresolve%2F3d3d5dee26484f91867d81cb899cfcf72b96be6c%2Fconfig.json=&etag=%22594369787efe617005d199b03739ee0ead7e3ab7%22 "HTTP/1.1 200 OK"
2026-09-19 23:00:57,729 [INFO] httpx: HTTP Request: HEAD https://huggingface.co/Systran/faster-whisper-base.en/resolve/3d3d5dee26484f91867d81cb899cfcf72b96be6c/vocabulary.txt "HTTP/1.1 307 Temporary Redirect"
2026-09-19 23:00:57,743 [INFO] httpx: HTTP Request: GET https://huggingface.co/api/resolve-cache/models/Systran/faster-whisper-base.en/3d3d5dee26484f91867d81cb899cfcf72b96be6c/config.json?%2FSystran%2Ffaster-whisper-base.en%2Fresolve%2F3d3d5dee26484f91867d81cb899cfcf72b96be6c%2Fconfig.json=&etag=%22594369787efe617005d199b03739ee0ead7e3ab7%22 "HTTP/1.1 200 OK"
2026-09-19 23:00:57,745 [INFO] httpx: HTTP Request: GET https://huggingface.co/api/models/Systran/faster-whisper-base.en/xet-read-token/3d3d5dee26484f91867d81cb899cfcf72b96be6c "HTTP/1.1 200 OK"
2026-09-19 23:00:57,752 [INFO] httpx: HTTP Request: HEAD https://huggingface.co/Systran/faster-whisper-base.en/resolve/3d3d5dee26484f91867d81cb899cfcf72b96be6c/tokenizer.json "HTTP/1.1 307 Temporary Redirect"
2026-09-19 23:00:57,803 [INFO] httpx: HTTP Request: HEAD https://huggingface.co/api/resolve-cache/models/Systran/faster-whisper-base.en/3d3d5dee26484f91867d81cb899cfcf72b96be6c/vocabulary.txt?%2FSystran%2Ffaster-whisper-base.en%2Fresolve%2F3d3d5dee26484f91867d81cb899cfcf72b96be6c%2Fvocabulary.txt=&etag=%22ee695b8d3e3c10d488304e04468efec4ca27554a%22 "HTTP/1.1 200 OK"
2026-09-19 23:00:57,820 [INFO] httpx: HTTP Request: HEAD https://huggingface.co/api/resolve-cache/models/Systran/faster-whisper-base.en/3d3d5dee26484f91867d81cb899cfcf72b96be6c/tokenizer.json?%2FSystran%2Ffaster-whisper-base.en%2Fresolve%2F3d3d5dee26484f91867d81cb899cfcf72b96be6c%2Ftokenizer.json=&etag=%2215d7bdf9ba25718ca2504eec6a8f02bc55af0a6a%22 "HTTP/1.1 200 OK"
2026-09-19 23:00:57,886 [INFO] httpx: HTTP Request: GET https://huggingface.co/api/resolve-cache/models/Systran/faster-whisper-base.en/3d3d5dee26484f91867d81cb899cfcf72b96be6c/vocabulary.txt?%2FSystran%2Ffaster-whisper-base.en%2Fresolve%2F3d3d5dee26484f91867d81cb899cfcf72b96be6c%2Fvocabulary.txt=&etag=%22ee695b8d3e3c10d488304e04468efec4ca27554a%22 "HTTP/1.1 200 OK"
2026-09-19 23:00:57,896 [INFO] httpx: HTTP Request: GET https://huggingface.co/api/resolve-cache/models/Systran/faster-whisper-base.en/3d3d5dee26484f91867d81cb899cfcf72b96be6c/tokenizer.json?%2FSystran%2Ffaster-whisper-base.en%2Fresolve%2F3d3d5dee26484f91867d81cb899cfcf72b96be6c%2Ftokenizer.json=&etag=%2215d7bdf9ba25718ca2504eec6a8f02bc55af0a6a%22 "HTTP/1.1 200 OK"
2026-09-19 23:00:59,933 [INFO] great_sage.server: Voice key down: listening (mode COMPANION)
2026-09-19 23:01:00,197 [INFO] great_sage.server: Voice key up: transcribing
2026-09-19 23:01:06,577 [INFO] great_sage.server: Voice line set switched to 'japanese' (8 clips)
2026-09-19 23:01:07,171 [INFO] great_sage.server: Voice key is now alt+1 (works from any window)
2026-09-19 23:01:09,590 [INFO] faster_whisper: Processing audio with duration 00:01.846
2026-09-19 23:01:10,422 [INFO] faster_whisper: VAD filter removed 00:00.272 of audio
2026-09-19 23:01:11,985 [INFO] great_sage.voice.speech_to_text: Transcribed 1.8s of audio: 'Hey, have fun'
2026-09-19 23:01:39,942 [INFO] great_sage.server: Switched active voice to 'voice_c'
2026-09-19 23:01:40,093 [INFO] great_sage.server: Switched active voice to 'voice_a'
2026-09-19 23:01:44,752 [INFO] great_sage.server: Switched active voice to 'voice_b'
2026-09-19 23:01:50,418 [INFO] great_sage.server: Switched active voice to 'voice_c'
2026-09-19 23:01:56,391 [INFO] great_sage.server: Switched active voice to 'voice_e'
2026-09-19 23:02:01,213 [INFO] great_sage.server: Switched active voice to 'voice_f'
2026-09-19 23:02:05,028 [INFO] great_sage.server: Switched active voice to 'voice_d'
2026-09-19 23:02:09,757 [INFO] great_sage.server: Switched active voice to 'voice_c'
2026-09-19 23:02:14,071 [ERROR] great_sage.server: Model provider error handling chat message 'Hey, have fun'
Traceback (most recent call last):
  File "C:\Users\rimse\AppData\Roaming\Python\Python314\site-packages\urllib3\connectionpool.py", line 540, in _make_request
    response = conn.getresponse()
  File "C:\Users\rimse\AppData\Roaming\Python\Python314\site-packages\urllib3\connection.py", line 638, in getresponse
    httplib_response = super().getresponse()
  File "C:\Python314\Lib\http\client.py", line 1450, in getresponse
    response.begin()
    ~~~~~~~~~~~~~~^^
  File "C:\Python314\Lib\http\client.py", line 336, in begin
    version, status, reason = self._read_status()
                              ~~~~~~~~~~~~~~~~~^^
  File "C:\Python314\Lib\http\client.py", line 297, in _read_status
    line = str(self.fp.readline(_MAXLINE + 1), "iso-8859-1")
               ~~~~~~~~~~~~~~~~^^^^^^^^^^^^^^
  File "C:\Python314\Lib\socket.py", line 725, in readinto
    return self._sock.recv_into(b)
           ~~~~~~~~~~~~~~~~~~~~^^^
TimeoutError: timed out

The above exception was the direct cause of the following exception:

Traceback (most recent call last):
  File "C:\Users\rimse\AppData\Roaming\Python\Python314\site-packages\requests\adapters.py", line 696, in send
    resp = conn.urlopen(
        method=request.method,
    ...<9 lines>...
        chunked=chunked,
    )
  File "C:\Users\rimse\AppData\Roaming\Python\Python314\site-packages\urllib3\connectionpool.py", line 847, in urlopen
    retries = retries.increment(
        method, url, error=new_e, _pool=self, _stacktrace=sys.exc_info()[2]
    )
  File "C:\Users\rimse\AppData\Roaming\Python\Python314\site-packages\urllib3\util\retry.py", line 510, in increment
    raise reraise(type(error), error, _stacktrace)
          ~~~~~~~^^^^^^^^^^^^^^^^^^^^^^^^^^^^^^^^^
  File "C:\Users\rimse\AppData\Roaming\Python\Python314\site-packages\urllib3\util\util.py", line 39, in reraise
    raise value
  File "C:\Users\rimse\AppData\Roaming\Python\Python314\site-packages\urllib3\connectionpool.py", line 793, in urlopen
    response = self._make_request(
        conn,
    ...<10 lines>...
        **response_kw,
    )
  File "C:\Users\rimse\AppData\Roaming\Python\Python314\site-packages\urllib3\connectionpool.py", line 542, in _make_request
    self._raise_timeout(err=e, url=url, timeout_value=read_timeout)
    ~~~~~~~~~~~~~~~~~~~^^^^^^^^^^^^^^^^^^^^^^^^^^^^^^^^^^^^^^^^^^^^
  File "C:\Users\rimse\AppData\Roaming\Python\Python314\site-packages\urllib3\connectionpool.py", line 373, in _raise_timeout
    raise ReadTimeoutError(
        self, url, f"Read timed out. (read timeout={timeout_value})"
    ) from err
urllib3.exceptions.ReadTimeoutError: HTTPConnectionPool(host='localhost', port=11434): Read timed out. (read timeout=60)

During handling of the above exception, another exception occurred:

Traceback (most recent call last):
  File "C:\Users\rimse\Downloads\The-GREAT-SAGE-master\great_sage\models\ollama_provider.py", line 115, in stream_response
    response = requests.post(
        f"{self.host}/api/chat",
    ...<2 lines>...
        stream=True,
    )
  File "C:\Users\rimse\AppData\Roaming\Python\Python314\site-packages\requests\api.py", line 134, in post
    return request("post", url, data=data, json=json, **kwargs)
  File "C:\Users\rimse\AppData\Roaming\Python\Python314\site-packages\requests\api.py", line 71, in request
    return session.request(method=method, url=url, **kwargs)
           ~~~~~~~~~~~~~~~^^^^^^^^^^^^^^^^^^^^^^^^^^^^^^^^^^
  File "C:\Users\rimse\AppData\Roaming\Python\Python314\site-packages\requests\sessions.py", line 651, in request
    resp = self.send(prep, **send_kwargs)
  File "C:\Users\rimse\AppData\Roaming\Python\Python314\site-packages\requests\sessions.py", line 784, in send
    r = adapter.send(request, **kwargs)
  File "C:\Users\rimse\AppData\Roaming\Python\Python314\site-packages\requests\adapters.py", line 742, in send
    raise ReadTimeout(e, request=request)
requests.exceptions.ReadTimeout: HTTPConnectionPool(host='localhost', port=11434): Read timed out. (read timeout=60)

The above exception was the direct cause of the following exception:

Traceback (most recent call last):
  File "C:\Users\rimse\Downloads\The-GREAT-SAGE-master\great_sage\server.py", line 747, in _handle_chat
    for chunk in engine.send_streaming(text):
                 ~~~~~~~~~~~~~~~~~~~~~^^^^^^
  File "C:\Users\rimse\Downloads\The-GREAT-SAGE-master\great_sage\core\chat_engine.py", line 139, in send_streaming
    for chunk in self.provider.stream_response(outgoing):
                 ~~~~~~~~~~~~~~~~~~~~~~~~~~~~~^^^^^^^^^^
  File "C:\Users\rimse\Downloads\The-GREAT-SAGE-master\great_sage\models\ollama_provider.py", line 128, in stream_response
    raise ModelProviderError(
        f"Ollama did not respond within {self.timeout}s."
    ) from exc
great_sage.models.base.ModelProviderError: Ollama did not respond within 60s.
2026-09-19 23:02:28,576 [INFO] great_sage.server: Wake words updated: ['hey great sageraphael', 'hey ciel']
2026-09-19 23:02:29,876 [INFO] great_sage.server: Wake words updated: ['hey great sage}raphael', 'hey ciel']
2026-09-19 23:02:31,262 [INFO] great_sage.server: Wake words updated: ['hey great sage', 'raphael', 'hey ciel']
2026-09-19 23:02:35,250 [INFO] great_sage.server: Wake words updated: ['hey great sage', 'rafael', 'hey ciel']
2026-09-19 23:02:38,761 [INFO] great_sage.server: Wake words updated: ['hey great sage', 'rafael', 'ciel']
2026-09-19 23:02:44,968 [INFO] great_sage.server: Wake words updated: ['rafael', 'ciel']
2026-09-19 23:02:46,611 [INFO] great_sage.server: Wake words updated: ['gran', 'rafael', 'ciel']
2026-09-19 23:02:48,444 [INFO] great_sage.server: Wake words updated: ['gran sa', 'rafael', 'ciel']
2026-09-19 23:02:49,519 [INFO] great_sage.server: Wake words updated: ['gran sabio', 'rafael', 'ciel']
2026-09-19 23:02:53,470 [INFO] great_sage.server: Wake-word listener enabled
2026-09-19 23:03:00,592 [INFO] great_sage.server: Voice key is now alt+1 (works from any window)
2026-09-19 23:03:02,263 [INFO] great_sage.server: Voice key is now alt+1 (works from any window)
2026-09-19 23:03:02,906 [INFO] great_sage.server: Voice key is now alt+1 (works from any window)
2026-09-19 23:03:07,313 [INFO] great_sage.server: Voice key is now alt+1 (works from any window)
2026-09-19 23:03:33,755 [INFO] great_sage.server: Voice key is now alt+1 (works from any window)
2026-09-19 23:03:41,231 [INFO] great_sage.server: Opening a new log console window
2026-09-19 23:03:45,188 [INFO] websockets.server: connection open
2026-09-19 23:03:45,189 [INFO] great_sage.server: Client connected (::1:56736) ML, like Gecko) Chrome/153.0.0.0 Safari/537.36 Edg/153.0.0.0
2026-09-19 23:03:45,192 [INFO] great_sage.server: Restored 1 saved chat(s)
2026-09-19 23:03:45,197 [INFO] great_sage.server: Mode: COMPANION (model resident=True, hud fps=normal, wake word=True, web=True, online=True)
2026-09-19 23:03:45,223 [INFO] great_sage.server: Logs viewer subscribed
2026-09-19 23:03:47,362 [INFO] websockets.server: connection closed
2026-09-19 23:03:47,365 [INFO] great_sage.server: Client disconnected
2026-09-19 23:04:04,338 [INFO] faster_whisper: Processing audio with duration 00:00.810
2026-09-19 23:04:04,364 [INFO] faster_whisper: VAD filter removed 00:00.810 of audio
2026-09-19 23:04:04,395 [WARNING] great_sage.voice.speech_to_text: Transcribed 0.8s of audio but got NO text. Either nothing was said, or the VAD filter rejected it - check that faster_whisper/assets/silero_vad_v6.onnx is present.
2026-09-19 23:04:14,992 [INFO] great_sage.server: Voice key down: listening (mode COMPANION)
2026-09-19 23:04:18,798 [INFO] faster_whisper: Processing audio with duration 00:01.110
2026-09-19 23:04:18,805 [INFO] faster_whisper: VAD filter removed 00:00.000 of audio
2026-09-19 23:04:20,368 [INFO] great_sage.voice.speech_to_text: Transcribed 1.1s of audio: 'file.'
2026-09-19 23:04:20,370 [INFO] faster_whisper: Processing audio with duration 00:01.050
2026-09-19 23:04:20,374 [INFO] faster_whisper: VAD filter removed 00:00.000 of audio
2026-09-19 23:04:20,577 [INFO] great_sage.server: Voice key up: transcribing
2026-09-19 23:04:20,612 [INFO] faster_whisper: Processing audio with duration 00:05.538
2026-09-19 23:04:20,647 [INFO] faster_whisper: VAD filter removed 00:02.128 of audio
2026-09-19 23:04:22,972 [INFO] great_sage.voice.speech_to_text: Transcribed 1.1s of audio: 'Almost test.'
2026-09-19 23:04:25,741 [INFO] great_sage.voice.speech_to_text: Transcribed 5.5s of audio: "I have I'll almost as"
2026-09-19 23:04:44,509 [INFO] faster_whisper: Processing audio with duration 00:00.930
2026-09-19 23:04:44,535 [INFO] faster_whisper: VAD filter removed 00:00.930 of audio
2026-09-19 23:04:44,568 [WARNING] great_sage.voice.speech_to_text: Transcribed 0.9s of audio but got NO text. Either nothing was said, or the VAD filter rejected it - check that faster_whisper/assets/silero_vad_v6.onnx is present.
2026-09-19 23:04:45,618 [INFO] faster_whisper: Processing audio with duration 00:00.750
2026-09-19 23:04:45,623 [INFO] faster_whisper: VAD filter removed 00:00.750 of audio
2026-09-19 23:04:45,626 [WARNING] great_sage.voice.speech_to_text: Transcribed 0.8s of audio but got NO text. Either nothing was said, or the VAD filter rejected it - check that faster_whisper/assets/silero_vad_v6.onnx is present.
2026-09-19 23:04:56,296 [INFO] faster_whisper: Processing audio with duration 00:00.900
2026-09-19 23:04:56,300 [INFO] faster_whisper: VAD filter removed 00:00.900 of audio
2026-09-19 23:04:56,302 [WARNING] great_sage.voice.speech_to_text: Transcribed 0.9s of audio but got NO text. Either nothing was said, or the VAD filter rejected it - check that faster_whisper/assets/silero_vad_v6.onnx is present.
2026-09-19 23:05:27,801 [ERROR] great_sage.server: Model provider error handling chat message "I have I'll almost as"
Traceback (most recent call last):
  File "C:\Users\rimse\AppData\Roaming\Python\Python314\site-packages\urllib3\connectionpool.py", line 540, in _make_request
    response = conn.getresponse()
  File "C:\Users\rimse\AppData\Roaming\Python\Python314\site-packages\urllib3\connection.py", line 638, in getresponse
    httplib_response = super().getresponse()
  File "C:\Python314\Lib\http\client.py", line 1450, in getresponse
    response.begin()
    ~~~~~~~~~~~~~~^^
  File "C:\Python314\Lib\http\client.py", line 336, in begin
    version, status, reason = self._read_status()
                              ~~~~~~~~~~~~~~~~~^^
  File "C:\Python314\Lib\http\client.py", line 297, in _read_status
    line = str(self.fp.readline(_MAXLINE + 1), "iso-8859-1")
               ~~~~~~~~~~~~~~~~^^^^^^^^^^^^^^
  File "C:\Python314\Lib\socket.py", line 725, in readinto
    return self._sock.recv_into(b)
           ~~~~~~~~~~~~~~~~~~~~^^^
TimeoutError: timed out

The above exception was the direct cause of the following exception:

Traceback (most recent call last):
  File "C:\Users\rimse\AppData\Roaming\Python\Python314\site-packages\requests\adapters.py", line 696, in send
    resp = conn.urlopen(
        method=request.method,
    ...<9 lines>...
        chunked=chunked,
    )
  File "C:\Users\rimse\AppData\Roaming\Python\Python314\site-packages\urllib3\connectionpool.py", line 847, in urlopen
    retries = retries.increment(
        method, url, error=new_e, _pool=self, _stacktrace=sys.exc_info()[2]
    )
  File "C:\Users\rimse\AppData\Roaming\Python\Python314\site-packages\urllib3\util\retry.py", line 510, in increment
    raise reraise(type(error), error, _stacktrace)
          ~~~~~~~^^^^^^^^^^^^^^^^^^^^^^^^^^^^^^^^^
  File "C:\Users\rimse\AppData\Roaming\Python\Python314\site-packages\urllib3\util\util.py", line 39, in reraise
    raise value
  File "C:\Users\rimse\AppData\Roaming\Python\Python314\site-packages\urllib3\connectionpool.py", line 793, in urlopen
    response = self._make_request(
        conn,
    ...<10 lines>...
        **response_kw,
    )
  File "C:\Users\rimse\AppData\Roaming\Python\Python314\site-packages\urllib3\connectionpool.py", line 542, in _make_request
    self._raise_timeout(err=e, url=url, timeout_value=read_timeout)
    ~~~~~~~~~~~~~~~~~~~^^^^^^^^^^^^^^^^^^^^^^^^^^^^^^^^^^^^^^^^^^^^
  File "C:\Users\rimse\AppData\Roaming\Python\Python314\site-packages\urllib3\connectionpool.py", line 373, in _raise_timeout
    raise ReadTimeoutError(
        self, url, f"Read timed out. (read timeout={timeout_value})"
    ) from err
urllib3.exceptions.ReadTimeoutError: HTTPConnectionPool(host='localhost', port=11434): Read timed out. (read timeout=60)

During handling of the above exception, another exception occurred:

Traceback (most recent call last):
  File "C:\Users\rimse\Downloads\The-GREAT-SAGE-master\great_sage\models\ollama_provider.py", line 115, in stream_response
    response = requests.post(
        f"{self.host}/api/chat",
    ...<2 lines>...
        stream=True,
    )
  File "C:\Users\rimse\AppData\Roaming\Python\Python314\site-packages\requests\api.py", line 134, in post
    return request("post", url, data=data, json=json, **kwargs)
  File "C:\Users\rimse\AppData\Roaming\Python\Python314\site-packages\requests\api.py", line 71, in request
    return session.request(method=method, url=url, **kwargs)
           ~~~~~~~~~~~~~~~^^^^^^^^^^^^^^^^^^^^^^^^^^^^^^^^^^
  File "C:\Users\rimse\AppData\Roaming\Python\Python314\site-packages\requests\sessions.py", line 651, in request
    resp = self.send(prep, **send_kwargs)
  File "C:\Users\rimse\AppData\Roaming\Python\Python314\site-packages\requests\sessions.py", line 784, in send
    r = adapter.send(request, **kwargs)
  File "C:\Users\rimse\AppData\Roaming\Python\Python314\site-packages\requests\adapters.py", line 742, in send
    raise ReadTimeout(e, request=request)
requests.exceptions.ReadTimeout: HTTPConnectionPool(host='localhost', port=11434): Read timed out. (read timeout=60)

The above exception was the direct cause of the following exception:

Traceback (most recent call last):
  File "C:\Users\rimse\Downloads\The-GREAT-SAGE-master\great_sage\server.py", line 747, in _handle_chat
    for chunk in engine.send_streaming(text):
                 ~~~~~~~~~~~~~~~~~~~~~^^^^^^
  File "C:\Users\rimse\Downloads\The-GREAT-SAGE-master\great_sage\core\chat_engine.py", line 139, in send_streaming
    for chunk in self.provider.stream_response(outgoing):
                 ~~~~~~~~~~~~~~~~~~~~~~~~~~~~~^^^^^^^^^^
  File "C:\Users\rimse\Downloads\The-GREAT-SAGE-master\great_sage\models\ollama_provider.py", line 128, in stream_response
    raise ModelProviderError(
        f"Ollama did not respond within {self.timeout}s."
    ) from exc
great_sage.models.base.ModelProviderError: Ollama did not respond within 60s.
2026-09-19 23:06:48,229 [INFO] websockets.server: connection closed
2026-09-19 23:06:48,231 [INFO] great_sage.server: Client disconnected
2026-09-19 23:11:01,986 [INFO] great_sage.app: Great Sage starting (frozen=False, base=C:\Users\rimse\Downloads\The-GREAT-SAGE-master)
2026-09-19 23:11:12,545 [INFO] run_hud: Starting Great Sage HUD
2026-09-19 23:11:42,315 [INFO] httpx: HTTP Request: HEAD https://huggingface.co/charactr/vocos-mel-24khz/resolve/main/config.yaml "HTTP/1.1 307 Temporary Redirect"
2026-09-19 23:11:42,316 [WARNING] huggingface_hub.utils._http: Warning: You are sending unauthenticated requests to the HF Hub. Please set a HF_TOKEN to enable higher rate limits and faster downloads.
2026-09-19 23:11:42,384 [INFO] httpx: HTTP Request: HEAD https://huggingface.co/api/resolve-cache/models/charactr/vocos-mel-24khz/0feb3fdd929bcd6649e0e7c5a688cf7dd012ef21/config.yaml?%2Fcharactr%2Fvocos-mel-24khz%2Fresolve%2Fmain%2Fconfig.yaml=&etag=%22538262138a8b43863802f279909f26ec31c766b3%22 "HTTP/1.1 200 OK"
2026-09-19 23:11:42,529 [INFO] httpx: HTTP Request: HEAD https://huggingface.co/charactr/vocos-mel-24khz/resolve/main/pytorch_model.bin "HTTP/1.1 302 Found"
2026-09-19 23:11:44,224 [INFO] httpx: HTTP Request: HEAD https://huggingface.co/SWivid/F5-TTS/resolve/main/F5TTS_v1_Base/model_1250000.safetensors "HTTP/1.1 302 Found"
2026-09-19 23:11:49,757 [INFO] great_sage.server: Restored active voice: voice_c
2026-09-19 23:11:49,760 [INFO] great_sage.server: Restored voice FX settings
2026-09-19 23:11:49,766 [INFO] great_sage.server: Autonomy running (0 task(s) restored)
2026-09-19 23:11:49,771 [INFO] great_sage.server: Watching for fullscreen games (auto GAMING mode)
2026-09-19 23:11:49,778 [INFO] great_sage.core.global_hotkey: Global hotkey active: alt+1 (works from any window)
2026-09-19 23:11:49,783 [INFO] great_sage.server: Wake-word listener started (restored from settings)
2026-09-19 23:11:49,862 [INFO] websockets.server: server listening on [::1]:8765
2026-09-19 23:11:49,862 [INFO] websockets.server: server listening on 127.0.0.1:8765
2026-09-19 23:11:49,862 [INFO] great_sage.server: WebSocket bridge listening on ws://localhost:8765
2026-09-19 23:11:54,172 [INFO] httpx: HTTP Request: GET https://huggingface.co/api/models/Systran/faster-whisper-base.en/revision/main "HTTP/1.1 200 OK"
2026-09-19 23:11:54,807 [INFO] faster_whisper: Processing audio with duration 00:00.960
2026-09-19 23:11:55,058 [INFO] faster_whisper: VAD filter removed 00:00.960 of audio
2026-09-19 23:11:55,066 [WARNING] great_sage.voice.speech_to_text: Transcribed 1.0s of audio but got NO text. Either nothing was said, or the VAD filter rejected it - check that faster_whisper/assets/silero_vad_v6.onnx is present.
2026-09-19 23:12:00,734 [INFO] websockets.server: connection open
2026-09-19 23:12:00,735 [INFO] great_sage.server: Client connected (::1:60302) ML, like Gecko) Chrome/153.0.0.0 Safari/537.36 Edg/153.0.0.0
2026-09-19 23:12:00,738 [INFO] great_sage.server: Restored 1 saved chat(s)
2026-09-19 23:12:00,739 [INFO] great_sage.server: Mode: COMPANION (model resident=True, hud fps=normal, wake word=True, web=True, online=True)
2026-09-19 23:12:01,791 [INFO] great_sage.server: Client is the hud
2026-09-19 23:12:02,345 [INFO] great_sage.server: Interface sounds ready (12/12)
2026-09-19 23:12:02,416 [INFO] great_sage.server: Voice key is now alt+1 (works from any window)
2026-09-19 23:12:02,532 [INFO] run_hud: Placed window centre at (0,0) size 1924x1055
2026-09-19 23:12:02,557 [INFO] run_hud: Resize border on (style now 0x16050000)
2026-09-19 23:12:02,565 [INFO] run_hud: Host window background set to #070d14 (was the WinForms default, 240,240,240)
2026-09-19 23:12:06,737 [INFO] great_sage.server: Voice key down: listening (mode COMPANION)
2026-09-19 23:12:08,383 [INFO] great_sage.server: Voice key up: transcribing
2026-09-19 23:12:08,409 [INFO] faster_whisper: Processing audio with duration 00:01.586
2026-09-19 23:12:08,414 [INFO] faster_whisper: VAD filter removed 00:00.336 of audio
2026-09-19 23:12:08,448 [INFO] faster_whisper: Processing audio with duration 00:00.930
2026-09-19 23:12:08,455 [INFO] faster_whisper: VAD filter removed 00:00.000 of audio
2026-09-19 23:12:11,181 [INFO] great_sage.voice.speech_to_text: Transcribed 1.6s of audio: 'Hola'
2026-09-19 23:12:11,510 [INFO] great_sage.voice.speech_to_text: Transcribed 0.9s of audio: 'Voila.'
2026-09-19 23:12:16,877 [INFO] faster_whisper: Processing audio with duration 00:01.410
2026-09-19 23:12:16,887 [INFO] faster_whisper: VAD filter removed 00:01.410 of audio
2026-09-19 23:12:16,890 [WARNING] great_sage.voice.speech_to_text: Transcribed 1.4s of audio but got NO text. Either nothing was said, or the VAD filter rejected it - check that faster_whisper/assets/silero_vad_v6.onnx is present.
2026-09-19 23:13:20,332 [ERROR] great_sage.server: Voice/audio error speaking reply to 'Hola'
Traceback (most recent call last):
  File "C:\Users\rimse\AppData\Roaming\Python\Python314\site-packages\torchaudio\_torchcodec.py", line 116, in load_with_torchcodec
    decoder = AudioDecoder(uri)
  File "C:\Users\rimse\AppData\Roaming\Python\Python314\site-packages\torchcodec\decoders\_audio_decoder.py", line 73, in __init__
    ) = create_audio_decoder(
        ~~~~~~~~~~~~~~~~~~~~^
        source=source,
        ^^^^^^^^^^^^^^
    ...<3 lines>...
        num_channels=num_channels,
        ^^^^^^^^^^^^^^^^^^^^^^^^^^
    )
    ^
  File "C:\Users\rimse\AppData\Roaming\Python\Python314\site-packages\torchcodec\_core\_decoder_utils.py", line 81, in create_audio_decoder
    decoder = create_decoder(source=source, seek_mode=seek_mode)
  File "C:\Users\rimse\AppData\Roaming\Python\Python314\site-packages\torchcodec\_core\_decoder_utils.py", line 46, in create_decoder
    load_core_libraries()
    ~~~~~~~~~~~~~~~~~~~^^
  File "C:\Users\rimse\AppData\Roaming\Python\Python314\site-packages\torchcodec\_internally_replaced_utils.py", line 145, in load_core_libraries
    raise RuntimeError(
    ...<16 lines>...
    )
RuntimeError: Could not load libtorchcodec. Likely causes:
          1. FFmpeg is not properly installed in your environment. We support
             versions 4, 5, 6, 7, 8, and 9, and we attempt to load libtorchcodec
             for each of those versions. Errors for versions not installed on
             your system are expected; only the error for your installed FFmpeg
             version is relevant. On Windows, ensure you've installed the
             "full-shared" version which ships DLLs.
          2. The PyTorch version (2.14.0+cu130) is not compatible with
             this version of TorchCodec. Refer to the version compatibility
             table:
             https://github.com/pytorch/torchcodec?tab=readme-ov-file#installing-torchcodec.
          3. Another runtime dependency; see exceptions below.

        The following exceptions were raised as we tried to load libtorchcodec:
        
[start of libtorchcodec loading traceback]
FFmpeg version 9:
Traceback (most recent call last):
  File "C:\Users\rimse\AppData\Roaming\Python\Python314\site-packages\torch\_ops.py", line 1587, in load_library
    ctypes.CDLL(path)
    ~~~~~~~~~~~^^^^^^
  File "C:\Python314\Lib\ctypes\__init__.py", line 433, in __init__
    self._handle = self._load_library(name, mode, handle, winmode)
                   ~~~~~~~~~~~~~~~~~~^^^^^^^^^^^^^^^^^^^^^^^^^^^^^
  File "C:\Python314\Lib\ctypes\__init__.py", line 451, in _load_library
    return _LoadLibrary(self._name, winmode)
FileNotFoundError: Could not find module 'C:\Users\rimse\AppData\Roaming\Python\Python314\site-packages\torchcodec\libtorchcodec_core9.dll' (or one of its dependencies). Try using the full path with constructor syntax.

The above exception was the direct cause of the following exception:

Traceback (most recent call last):
  File "C:\Users\rimse\AppData\Roaming\Python\Python314\site-packages\torchcodec\_internally_replaced_utils.py", line 132, in load_core_libraries
    torch.ops.load_library(core_library_path)
    ~~~~~~~~~~~~~~~~~~~~~~^^^^^^^^^^^^^^^^^^^
  File "C:\Users\rimse\AppData\Roaming\Python\Python314\site-packages\torch\_ops.py", line 1589, in load_library
    raise OSError(f"Could not load this library: {path}") from e
OSError: Could not load this library: C:\Users\rimse\AppData\Roaming\Python\Python314\site-packages\torchcodec\libtorchcodec_core9.dll

FFmpeg version 8:
Traceback (most recent call last):
  File "C:\Users\rimse\AppData\Roaming\Python\Python314\site-packages\torch\_ops.py", line 1587, in load_library
    ctypes.CDLL(path)
    ~~~~~~~~~~~^^^^^^
  File "C:\Python314\Lib\ctypes\__init__.py", line 433, in __init__
    self._handle = self._load_library(name, mode, handle, winmode)
                   ~~~~~~~~~~~~~~~~~~^^^^^^^^^^^^^^^^^^^^^^^^^^^^^
  File "C:\Python314\Lib\ctypes\__init__.py", line 451, in _load_library
    return _LoadLibrary(self._name, winmode)
FileNotFoundError: Could not find module 'C:\Users\rimse\AppData\Roaming\Python\Python314\site-packages\torchcodec\libtorchcodec_core8.dll' (or one of its dependencies). Try using the full path with constructor syntax.

The above exception was the direct cause of the following exception:

Traceback (most recent call last):
  File "C:\Users\rimse\AppData\Roaming\Python\Python314\site-packages\torchcodec\_internally_replaced_utils.py", line 132, in load_core_libraries
    torch.ops.load_library(core_library_path)
    ~~~~~~~~~~~~~~~~~~~~~~^^^^^^^^^^^^^^^^^^^
  File "C:\Users\rimse\AppData\Roaming\Python\Python314\site-packages\torch\_ops.py", line 1589, in load_library
    raise OSError(f"Could not load this library: {path}") from e
OSError: Could not load this library: C:\Users\rimse\AppData\Roaming\Python\Python314\site-packages\torchcodec\libtorchcodec_core8.dll

FFmpeg version 7:
Traceback (most recent call last):
  File "C:\Users\rimse\AppData\Roaming\Python\Python314\site-packages\torch\_ops.py", line 1587, in load_library
    ctypes.CDLL(path)
    ~~~~~~~~~~~^^^^^^
  File "C:\Python314\Lib\ctypes\__init__.py", line 433, in __init__
    self._handle = self._load_library(name, mode, handle, winmode)
                   ~~~~~~~~~~~~~~~~~~^^^^^^^^^^^^^^^^^^^^^^^^^^^^^
  File "C:\Python314\Lib\ctypes\__init__.py", line 451, in _load_library
    return _LoadLibrary(self._name, winmode)
FileNotFoundError: Could not find module 'C:\Users\rimse\AppData\Roaming\Python\Python314\site-packages\torchcodec\libtorchcodec_core7.dll' (or one of its dependencies). Try using the full path with constructor syntax.

The above exception was the direct cause of the following exception:

Traceback (most recent call last):
  File "C:\Users\rimse\AppData\Roaming\Python\Python314\site-packages\torchcodec\_internally_replaced_utils.py", line 132, in load_core_libraries
    torch.ops.load_library(core_library_path)
    ~~~~~~~~~~~~~~~~~~~~~~^^^^^^^^^^^^^^^^^^^
  File "C:\Users\rimse\AppData\Roaming\Python\Python314\site-packages\torch\_ops.py", line 1589, in load_library
    raise OSError(f"Could not load this library: {path}") from e
OSError: Could not load this library: C:\Users\rimse\AppData\Roaming\Python\Python314\site-packages\torchcodec\libtorchcodec_core7.dll

FFmpeg version 6:
Traceback (most recent call last):
  File "C:\Users\rimse\AppData\Roaming\Python\Python314\site-packages\torch\_ops.py", line 1587, in load_library
    ctypes.CDLL(path)
    ~~~~~~~~~~~^^^^^^
  File "C:\Python314\Lib\ctypes\__init__.py", line 433, in __init__
    self._handle = self._load_library(name, mode, handle, winmode)
                   ~~~~~~~~~~~~~~~~~~^^^^^^^^^^^^^^^^^^^^^^^^^^^^^
  File "C:\Python314\Lib\ctypes\__init__.py", line 451, in _load_library
    return _LoadLibrary(self._name, winmode)
FileNotFoundError: Could not find module 'C:\Users\rimse\AppData\Roaming\Python\Python314\site-packages\torchcodec\libtorchcodec_core6.dll' (or one of its dependencies). Try using the full path with constructor syntax.

The above exception was the direct cause of the following exception:

Traceback (most recent call last):
  File "C:\Users\rimse\AppData\Roaming\Python\Python314\site-packages\torchcodec\_internally_replaced_utils.py", line 132, in load_core_libraries
    torch.ops.load_library(core_library_path)
    ~~~~~~~~~~~~~~~~~~~~~~^^^^^^^^^^^^^^^^^^^
  File "C:\Users\rimse\AppData\Roaming\Python\Python314\site-packages\torch\_ops.py", line 1589, in load_library
    raise OSError(f"Could not load this library: {path}") from e
OSError: Could not load this library: C:\Users\rimse\AppData\Roaming\Python\Python314\site-packages\torchcodec\libtorchcodec_core6.dll

FFmpeg version 5:
Traceback (most recent call last):
  File "C:\Users\rimse\AppData\Roaming\Python\Python314\site-packages\torch\_ops.py", line 1587, in load_library
    ctypes.CDLL(path)
    ~~~~~~~~~~~^^^^^^
  File "C:\Python314\Lib\ctypes\__init__.py", line 433, in __init__
    self._handle = self._load_library(name, mode, handle, winmode)
                   ~~~~~~~~~~~~~~~~~~^^^^^^^^^^^^^^^^^^^^^^^^^^^^^
  File "C:\Python314\Lib\ctypes\__init__.py", line 451, in _load_library
    return _LoadLibrary(self._name, winmode)
FileNotFoundError: Could not find module 'C:\Users\rimse\AppData\Roaming\Python\Python314\site-packages\torchcodec\libtorchcodec_core5.dll' (or one of its dependencies). Try using the full path with constructor syntax.

The above exception was the direct cause of the following exception:

Traceback (most recent call last):
  File "C:\Users\rimse\AppData\Roaming\Python\Python314\site-packages\torchcodec\_internally_replaced_utils.py", line 132, in load_core_libraries
    torch.ops.load_library(core_library_path)
    ~~~~~~~~~~~~~~~~~~~~~~^^^^^^^^^^^^^^^^^^^
  File "C:\Users\rimse\AppData\Roaming\Python\Python314\site-packages\torch\_ops.py", line 1589, in load_library
    raise OSError(f"Could not load this library: {path}") from e
OSError: Could not load this library: C:\Users\rimse\AppData\Roaming\Python\Python314\site-packages\torchcodec\libtorchcodec_core5.dll

FFmpeg version 4:
Traceback (most recent call last):
  File "C:\Users\rimse\AppData\Roaming\Python\Python314\site-packages\torch\_ops.py", line 1587, in load_library
    ctypes.CDLL(path)
    ~~~~~~~~~~~^^^^^^
  File "C:\Python314\Lib\ctypes\__init__.py", line 433, in __init__
    self._handle = self._load_library(name, mode, handle, winmode)
                   ~~~~~~~~~~~~~~~~~~^^^^^^^^^^^^^^^^^^^^^^^^^^^^^
  File "C:\Python314\Lib\ctypes\__init__.py", line 451, in _load_library
    return _LoadLibrary(self._name, winmode)
FileNotFoundError: Could not find module 'C:\Users\rimse\AppData\Roaming\Python\Python314\site-packages\torchcodec\libtorchcodec_core4.dll' (or one of its dependencies). Try using the full path with constructor syntax.

The above exception was the direct cause of the following exception:

Traceback (most recent call last):
  File "C:\Users\rimse\AppData\Roaming\Python\Python314\site-packages\torchcodec\_internally_replaced_utils.py", line 132, in load_core_libraries
    torch.ops.load_library(core_library_path)
    ~~~~~~~~~~~~~~~~~~~~~~^^^^^^^^^^^^^^^^^^^
  File "C:\Users\rimse\AppData\Roaming\Python\Python314\site-packages\torch\_ops.py", line 1589, in load_library
    raise OSError(f"Could not load this library: {path}") from e
OSError: Could not load this library: C:\Users\rimse\AppData\Roaming\Python\Python314\site-packages\torchcodec\libtorchcodec_core4.dll
[end of libtorchcodec loading traceback].

The above exception was the direct cause of the following exception:

Traceback (most recent call last):
  File "C:\Users\rimse\Downloads\The-GREAT-SAGE-master\great_sage\voice\f5_tts_engine.py", line 383, in _generate_once
    wav, sample_rate, _ = self._infer_process(
                          ~~~~~~~~~~~~~~~~~~~^
        ref_audio, ref_text, text,
        ^^^^^^^^^^^^^^^^^^^^^^^^^^
    ...<4 lines>...
        device=self._api.device,
        ^^^^^^^^^^^^^^^^^^^^^^^^
    )
    ^
  File "C:\Users\rimse\AppData\Roaming\Python\Python314\site-packages\f5_tts\infer\utils_infer.py", line 403, in infer_process
    audio, sr = torchaudio.load(ref_audio)
                ~~~~~~~~~~~~~~~^^^^^^^^^^^
  File "C:\Users\rimse\AppData\Roaming\Python\Python314\site-packages\torchaudio\__init__.py", line 86, in load
    return load_with_torchcodec(
        uri,
    ...<6 lines>...
        backend=backend,
    )
  File "C:\Users\rimse\AppData\Roaming\Python\Python314\site-packages\torchaudio\_torchcodec.py", line 118, in load_with_torchcodec
    raise RuntimeError(f"Failed to create AudioDecoder for {uri}: {e}") from e
RuntimeError: Failed to create AudioDecoder for C:\Users\rimse\AppData\Local\Temp\tmpqbo9rdt6.wav: Could not load libtorchcodec. Likely causes:
          1. FFmpeg is not properly installed in your environment. We support
             versions 4, 5, 6, 7, 8, and 9, and we attempt to load libtorchcodec
             for each of those versions. Errors for versions not installed on
             your system are expected; only the error for your installed FFmpeg
             version is relevant. On Windows, ensure you've installed the
             "full-shared" version which ships DLLs.
          2. The PyTorch version (2.14.0+cu130) is not compatible with
             this version of TorchCodec. Refer to the version compatibility
             table:
             https://github.com/pytorch/torchcodec?tab=readme-ov-file#installing-torchcodec.
          3. Another runtime dependency; see exceptions below.

        The following exceptions were raised as we tried to load libtorchcodec:
        
[start of libtorchcodec loading traceback]
FFmpeg version 9:
Traceback (most recent call last):
  File "C:\Users\rimse\AppData\Roaming\Python\Python314\site-packages\torch\_ops.py", line 1587, in load_library
    ctypes.CDLL(path)
    ~~~~~~~~~~~^^^^^^
  File "C:\Python314\Lib\ctypes\__init__.py", line 433, in __init__
    self._handle = self._load_library(name, mode, handle, winmode)
                   ~~~~~~~~~~~~~~~~~~^^^^^^^^^^^^^^^^^^^^^^^^^^^^^
  File "C:\Python314\Lib\ctypes\__init__.py", line 451, in _load_library
    return _LoadLibrary(self._name, winmode)
FileNotFoundError: Could not find module 'C:\Users\rimse\AppData\Roaming\Python\Python314\site-packages\torchcodec\libtorchcodec_core9.dll' (or one of its dependencies). Try using the full path with constructor syntax.

The above exception was the direct cause of the following exception:

Traceback (most recent call last):
  File "C:\Users\rimse\AppData\Roaming\Python\Python314\site-packages\torchcodec\_internally_replaced_utils.py", line 132, in load_core_libraries
    torch.ops.load_library(core_library_path)
    ~~~~~~~~~~~~~~~~~~~~~~^^^^^^^^^^^^^^^^^^^
  File "C:\Users\rimse\AppData\Roaming\Python\Python314\site-packages\torch\_ops.py", line 1589, in load_library
    raise OSError(f"Could not load this library: {path}") from e
OSError: Could not load this library: C:\Users\rimse\AppData\Roaming\Python\Python314\site-packages\torchcodec\libtorchcodec_core9.dll

FFmpeg version 8:
Traceback (most recent call last):
  File "C:\Users\rimse\AppData\Roaming\Python\Python314\site-packages\torch\_ops.py", line 1587, in load_library
    ctypes.CDLL(path)
    ~~~~~~~~~~~^^^^^^
  File "C:\Python314\Lib\ctypes\__init__.py", line 433, in __init__
    self._handle = self._load_library(name, mode, handle, winmode)
                   ~~~~~~~~~~~~~~~~~~^^^^^^^^^^^^^^^^^^^^^^^^^^^^^
  File "C:\Python314\Lib\ctypes\__init__.py", line 451, in _load_library
    return _LoadLibrary(self._name, winmode)
FileNotFoundError: Could not find module 'C:\Users\rimse\AppData\Roaming\Python\Python314\site-packages\torchcodec\libtorchcodec_core8.dll' (or one of its dependencies). Try using the full path with constructor syntax.

The above exception was the direct cause of the following exception:

Traceback (most recent call last):
  File "C:\Users\rimse\AppData\Roaming\Python\Python314\site-packages\torchcodec\_internally_replaced_utils.py", line 132, in load_core_libraries
    torch.ops.load_library(core_library_path)
    ~~~~~~~~~~~~~~~~~~~~~~^^^^^^^^^^^^^^^^^^^
  File "C:\Users\rimse\AppData\Roaming\Python\Python314\site-packages\torch\_ops.py", line 1589, in load_library
    raise OSError(f"Could not load this library: {path}") from e
OSError: Could not load this library: C:\Users\rimse\AppData\Roaming\Python\Python314\site-packages\torchcodec\libtorchcodec_core8.dll

FFmpeg version 7:
Traceback (most recent call last):
  File "C:\Users\rimse\AppData\Roaming\Python\Python314\site-packages\torch\_ops.py", line 1587, in load_library
    ctypes.CDLL(path)
    ~~~~~~~~~~~^^^^^^
  File "C:\Python314\Lib\ctypes\__init__.py", line 433, in __init__
    self._handle = self._load_library(name, mode, handle, winmode)
                   ~~~~~~~~~~~~~~~~~~^^^^^^^^^^^^^^^^^^^^^^^^^^^^^
  File "C:\Python314\Lib\ctypes\__init__.py", line 451, in _load_library
    return _LoadLibrary(self._name, winmode)
FileNotFoundError: Could not find module 'C:\Users\rimse\AppData\Roaming\Python\Python314\site-packages\torchcodec\libtorchcodec_core7.dll' (or one of its dependencies). Try using the full path with constructor syntax.

The above exception was the direct cause of the following exception:

Traceback (most recent call last):
  File "C:\Users\rimse\AppData\Roaming\Python\Python314\site-packages\torchcodec\_internally_replaced_utils.py", line 132, in load_core_libraries
    torch.ops.load_library(core_library_path)
    ~~~~~~~~~~~~~~~~~~~~~~^^^^^^^^^^^^^^^^^^^
  File "C:\Users\rimse\AppData\Roaming\Python\Python314\site-packages\torch\_ops.py", line 1589, in load_library
    raise OSError(f"Could not load this library: {path}") from e
OSError: Could not load this library: C:\Users\rimse\AppData\Roaming\Python\Python314\site-packages\torchcodec\libtorchcodec_core7.dll

FFmpeg version 6:
Traceback (most recent call last):
  File "C:\Users\rimse\AppData\Roaming\Python\Python314\site-packages\torch\_ops.py", line 1587, in load_library
    ctypes.CDLL(path)
    ~~~~~~~~~~~^^^^^^
  File "C:\Python314\Lib\ctypes\__init__.py", line 433, in __init__
    self._handle = self._load_library(name, mode, handle, winmode)
                   ~~~~~~~~~~~~~~~~~~^^^^^^^^^^^^^^^^^^^^^^^^^^^^^
  File "C:\Python314\Lib\ctypes\__init__.py", line 451, in _load_library
    return _LoadLibrary(self._name, winmode)
FileNotFoundError: Could not find module 'C:\Users\rimse\AppData\Roaming\Python\Python314\site-packages\torchcodec\libtorchcodec_core6.dll' (or one of its dependencies). Try using the full path with constructor syntax.

The above exception was the direct cause of the following exception:

Traceback (most recent call last):
  File "C:\Users\rimse\AppData\Roaming\Python\Python314\site-packages\torchcodec\_internally_replaced_utils.py", line 132, in load_core_libraries
    torch.ops.load_library(core_library_path)
    ~~~~~~~~~~~~~~~~~~~~~~^^^^^^^^^^^^^^^^^^^
  File "C:\Users\rimse\AppData\Roaming\Python\Python314\site-packages\torch\_ops.py", line 1589, in load_library
    raise OSError(f"Could not load this library: {path}") from e
OSError: Could not load this library: C:\Users\rimse\AppData\Roaming\Python\Python314\site-packages\torchcodec\libtorchcodec_core6.dll

FFmpeg version 5:
Traceback (most recent call last):
  File "C:\Users\rimse\AppData\Roaming\Python\Python314\site-packages\torch\_ops.py", line 1587, in load_library
    ctypes.CDLL(path)
    ~~~~~~~~~~~^^^^^^
  File "C:\Python314\Lib\ctypes\__init__.py", line 433, in __init__
    self._handle = self._load_library(name, mode, handle, winmode)
                   ~~~~~~~~~~~~~~~~~~^^^^^^^^^^^^^^^^^^^^^^^^^^^^^
  File "C:\Python314\Lib\ctypes\__init__.py", line 451, in _load_library
    return _LoadLibrary(self._name, winmode)
FileNotFoundError: Could not find module 'C:\Users\rimse\AppData\Roaming\Python\Python314\site-packages\torchcodec\libtorchcodec_core5.dll' (or one of its dependencies). Try using the full path with constructor syntax.

The above exception was the direct cause of the following exception:

Traceback (most recent call last):
  File "C:\Users\rimse\AppData\Roaming\Python\Python314\site-packages\torchcodec\_internally_replaced_utils.py", line 132, in load_core_libraries
    torch.ops.load_library(core_library_path)
    ~~~~~~~~~~~~~~~~~~~~~~^^^^^^^^^^^^^^^^^^^
  File "C:\Users\rimse\AppData\Roaming\Python\Python314\site-packages\torch\_ops.py", line 1589, in load_library
    raise OSError(f"Could not load this library: {path}") from e
OSError: Could not load this library: C:\Users\rimse\AppData\Roaming\Python\Python314\site-packages\torchcodec\libtorchcodec_core5.dll

FFmpeg version 4:
Traceback (most recent call last):
  File "C:\Users\rimse\AppData\Roaming\Python\Python314\site-packages\torch\_ops.py", line 1587, in load_library
    ctypes.CDLL(path)
    ~~~~~~~~~~~^^^^^^
  File "C:\Python314\Lib\ctypes\__init__.py", line 433, in __init__
    self._handle = self._load_library(name, mode, handle, winmode)
                   ~~~~~~~~~~~~~~~~~~^^^^^^^^^^^^^^^^^^^^^^^^^^^^^
  File "C:\Python314\Lib\ctypes\__init__.py", line 451, in _load_library
    return _LoadLibrary(self._name, winmode)
FileNotFoundError: Could not find module 'C:\Users\rimse\AppData\Roaming\Python\Python314\site-packages\torchcodec\libtorchcodec_core4.dll' (or one of its dependencies). Try using the full path with constructor syntax.

The above exception was the direct cause of the following exception:

Traceback (most recent call last):
  File "C:\Users\rimse\AppData\Roaming\Python\Python314\site-packages\torchcodec\_internally_replaced_utils.py", line 132, in load_core_libraries
    torch.ops.load_library(core_library_path)
    ~~~~~~~~~~~~~~~~~~~~~~^^^^^^^^^^^^^^^^^^^
  File "C:\Users\rimse\AppData\Roaming\Python\Python314\site-packages\torch\_ops.py", line 1589, in load_library
    raise OSError(f"Could not load this library: {path}") from e
OSError: Could not load this library: C:\Users\rimse\AppData\Roaming\Python\Python314\site-packages\torchcodec\libtorchcodec_core4.dll
[end of libtorchcodec loading traceback].

The above exception was the direct cause of the following exception:

Traceback (most recent call last):
  File "C:\Users\rimse\Downloads\The-GREAT-SAGE-master\great_sage\server.py", line 828, in _handle_chat
    voice.speak(cap_for_speech(speakable("".join(reply_chunks))))
    ~~~~~~~~~~~^^^^^^^^^^^^^^^^^^^^^^^^^^^^^^^^^^^^^^^^^^^^^^^^^^
  File "C:\Users\rimse\Downloads\The-GREAT-SAGE-master\great_sage\voice\f5_tts_engine.py", line 579, in speak
    self._speak_tts_segment(payload)
    ~~~~~~~~~~~~~~~~~~~~~~~^^^^^^^^^
  File "C:\Users\rimse\Downloads\The-GREAT-SAGE-master\great_sage\voice\f5_tts_engine.py", line 483, in _speak_tts_segment
    samples, rate = self.generate(spoken)
                    ~~~~~~~~~~~~~^^^^^^^^
  File "C:\Users\rimse\Downloads\The-GREAT-SAGE-master\great_sage\voice\f5_tts_engine.py", line 412, in generate
    wav, rate = self._generate_once(pieces[0])
                ~~~~~~~~~~~~~~~~~~~^^^^^^^^^^^
  File "C:\Users\rimse\Downloads\The-GREAT-SAGE-master\great_sage\voice\f5_tts_engine.py", line 392, in _generate_once
    raise VoiceError(f"F5-TTS synthesis failed: {exc}") from exc
great_sage.voice.base.VoiceError: F5-TTS synthesis failed: Failed to create AudioDecoder for C:\Users\rimse\AppData\Local\Temp\tmpqbo9rdt6.wav: Could not load libtorchcodec. Likely causes:
          1. FFmpeg is not properly installed in your environment. We support
             versions 4, 5, 6, 7, 8, and 9, and we attempt to load libtorchcodec
             for each of those versions. Errors for versions not installed on
             your system are expected; only the error for your installed FFmpeg
             version is relevant. On Windows, ensure you've installed the
             "full-shared" version which ships DLLs.
          2. The PyTorch version (2.14.0+cu130) is not compatible with
             this version of TorchCodec. Refer to the version compatibility
             table:
             https://github.com/pytorch/torchcodec?tab=readme-ov-file#installing-torchcodec.
          3. Another runtime dependency; see exceptions below.

        The following exceptions were raised as we tried to load libtorchcodec:
        
[start of libtorchcodec loading traceback]
FFmpeg version 9:
Traceback (most recent call last):
  File "C:\Users\rimse\AppData\Roaming\Python\Python314\site-packages\torch\_ops.py", line 1587, in load_library
    ctypes.CDLL(path)
    ~~~~~~~~~~~^^^^^^
  File "C:\Python314\Lib\ctypes\__init__.py", line 433, in __init__
    self._handle = self._load_library(name, mode, handle, winmode)
                   ~~~~~~~~~~~~~~~~~~^^^^^^^^^^^^^^^^^^^^^^^^^^^^^
  File "C:\Python314\Lib\ctypes\__init__.py", line 451, in _load_library
    return _LoadLibrary(self._name, winmode)
FileNotFoundError: Could not find module 'C:\Users\rimse\AppData\Roaming\Python\Python314\site-packages\torchcodec\libtorchcodec_core9.dll' (or one of its dependencies). Try using the full path with constructor syntax.

The above exception was the direct cause of the following exception:

Traceback (most recent call last):
  File "C:\Users\rimse\AppData\Roaming\Python\Python314\site-packages\torchcodec\_internally_replaced_utils.py", line 132, in load_core_libraries
    torch.ops.load_library(core_library_path)
    ~~~~~~~~~~~~~~~~~~~~~~^^^^^^^^^^^^^^^^^^^
  File "C:\Users\rimse\AppData\Roaming\Python\Python314\site-packages\torch\_ops.py", line 1589, in load_library
    raise OSError(f"Could not load this library: {path}") from e
OSError: Could not load this library: C:\Users\rimse\AppData\Roaming\Python\Python314\site-packages\torchcodec\libtorchcodec_core9.dll

FFmpeg version 8:
Traceback (most recent call last):
  File "C:\Users\rimse\AppData\Roaming\Python\Python314\site-packages\torch\_ops.py", line 1587, in load_library
    ctypes.CDLL(path)
    ~~~~~~~~~~~^^^^^^
  File "C:\Python314\Lib\ctypes\__init__.py", line 433, in __init__
    self._handle = self._load_library(name, mode, handle, winmode)
                   ~~~~~~~~~~~~~~~~~~^^^^^^^^^^^^^^^^^^^^^^^^^^^^^
  File "C:\Python314\Lib\ctypes\__init__.py", line 451, in _load_library
    return _LoadLibrary(self._name, winmode)
FileNotFoundError: Could not find module 'C:\Users\rimse\AppData\Roaming\Python\Python314\site-packages\torchcodec\libtorchcodec_core8.dll' (or one of its dependencies). Try using the full path with constructor syntax.

The above exception was the direct cause of the following exception:

Traceback (most recent call last):
  File "C:\Users\rimse\AppData\Roaming\Python\Python314\site-packages\torchcodec\_internally_replaced_utils.py", line 132, in load_core_libraries
    torch.ops.load_library(core_library_path)
    ~~~~~~~~~~~~~~~~~~~~~~^^^^^^^^^^^^^^^^^^^
  File "C:\Users\rimse\AppData\Roaming\Python\Python314\site-packages\torch\_ops.py", line 1589, in load_library
    raise OSError(f"Could not load this library: {path}") from e
OSError: Could not load this library: C:\Users\rimse\AppData\Roaming\Python\Python314\site-packages\torchcodec\libtorchcodec_core8.dll

FFmpeg version 7:
Traceback (most recent call last):
  File "C:\Users\rimse\AppData\Roaming\Python\Python314\site-packages\torch\_ops.py", line 1587, in load_library
    ctypes.CDLL(path)
    ~~~~~~~~~~~^^^^^^
  File "C:\Python314\Lib\ctypes\__init__.py", line 433, in __init__
    self._handle = self._load_library(name, mode, handle, winmode)
                   ~~~~~~~~~~~~~~~~~~^^^^^^^^^^^^^^^^^^^^^^^^^^^^^
  File "C:\Python314\Lib\ctypes\__init__.py", line 451, in _load_library
    return _LoadLibrary(self._name, winmode)
FileNotFoundError: Could not find module 'C:\Users\rimse\AppData\Roaming\Python\Python314\site-packages\torchcodec\libtorchcodec_core7.dll' (or one of its dependencies). Try using the full path with constructor syntax.

The above exception was the direct cause of the following exception:

Traceback (most recent call last):
  File "C:\Users\rimse\AppData\Roaming\Python\Python314\site-packages\torchcodec\_internally_replaced_utils.py", line 132, in load_core_libraries
    torch.ops.load_library(core_library_path)
    ~~~~~~~~~~~~~~~~~~~~~~^^^^^^^^^^^^^^^^^^^
  File "C:\Users\rimse\AppData\Roaming\Python\Python314\site-packages\torch\_ops.py", line 1589, in load_library
    raise OSError(f"Could not load this library: {path}") from e
OSError: Could not load this library: C:\Users\rimse\AppData\Roaming\Python\Python314\site-packages\torchcodec\libtorchcodec_core7.dll

FFmpeg version 6:
Traceback (most recent call last):
  File "C:\Users\rimse\AppData\Roaming\Python\Python314\site-packages\torch\_ops.py", line 1587, in load_library
    ctypes.CDLL(path)
    ~~~~~~~~~~~^^^^^^
  File "C:\Python314\Lib\ctypes\__init__.py", line 433, in __init__
    self._handle = self._load_library(name, mode, handle, winmode)
                   ~~~~~~~~~~~~~~~~~~^^^^^^^^^^^^^^^^^^^^^^^^^^^^^
  File "C:\Python314\Lib\ctypes\__init__.py", line 451, in _load_library
    return _LoadLibrary(self._name, winmode)
FileNotFoundError: Could not find module 'C:\Users\rimse\AppData\Roaming\Python\Python314\site-packages\torchcodec\libtorchcodec_core6.dll' (or one of its dependencies). Try using the full path with constructor syntax.

The above exception was the direct cause of the following exception:

Traceback (most recent call last):
  File "C:\Users\rimse\AppData\Roaming\Python\Python314\site-packages\torchcodec\_internally_replaced_utils.py", line 132, in load_core_libraries
    torch.ops.load_library(core_library_path)
    ~~~~~~~~~~~~~~~~~~~~~~^^^^^^^^^^^^^^^^^^^
  File "C:\Users\rimse\AppData\Roaming\Python\Python314\site-packages\torch\_ops.py", line 1589, in load_library
    raise OSError(f"Could not load this library: {path}") from e
OSError: Could not load this library: C:\Users\rimse\AppData\Roaming\Python\Python314\site-packages\torchcodec\libtorchcodec_core6.dll

FFmpeg version 5:
Traceback (most recent call last):
  File "C:\Users\rimse\AppData\Roaming\Python\Python314\site-packages\torch\_ops.py", line 1587, in load_library
    ctypes.CDLL(path)
    ~~~~~~~~~~~^^^^^^
  File "C:\Python314\Lib\ctypes\__init__.py", line 433, in __init__
    self._handle = self._load_library(name, mode, handle, winmode)
                   ~~~~~~~~~~~~~~~~~~^^^^^^^^^^^^^^^^^^^^^^^^^^^^^
  File "C:\Python314\Lib\ctypes\__init__.py", line 451, in _load_library
    return _LoadLibrary(self._name, winmode)
FileNotFoundError: Could not find module 'C:\Users\rimse\AppData\Roaming\Python\Python314\site-packages\torchcodec\libtorchcodec_core5.dll' (or one of its dependencies). Try using the full path with constructor syntax.

The above exception was the direct cause of the following exception:

Traceback (most recent call last):
  File "C:\Users\rimse\AppData\Roaming\Python\Python314\site-packages\torchcodec\_internally_replaced_utils.py", line 132, in load_core_libraries
    torch.ops.load_library(core_library_path)
    ~~~~~~~~~~~~~~~~~~~~~~^^^^^^^^^^^^^^^^^^^
  File "C:\Users\rimse\AppData\Roaming\Python\Python314\site-packages\torch\_ops.py", line 1589, in load_library
    raise OSError(f"Could not load this library: {path}") from e
OSError: Could not load this library: C:\Users\rimse\AppData\Roaming\Python\Python314\site-packages\torchcodec\libtorchcodec_core5.dll

FFmpeg version 4:
Traceback (most recent call last):
  File "C:\Users\rimse\AppData\Roaming\Python\Python314\site-packages\torch\_ops.py", line 1587, in load_library
    ctypes.CDLL(path)
    ~~~~~~~~~~~^^^^^^
  File "C:\Python314\Lib\ctypes\__init__.py", line 433, in __init__
    self._handle = self._load_library(name, mode, handle, winmode)
                   ~~~~~~~~~~~~~~~~~~^^^^^^^^^^^^^^^^^^^^^^^^^^^^^
  File "C:\Python314\Lib\ctypes\__init__.py", line 451, in _load_library
    return _LoadLibrary(self._name, winmode)
FileNotFoundError: Could not find module 'C:\Users\rimse\AppData\Roaming\Python\Python314\site-packages\torchcodec\libtorchcodec_core4.dll' (or one of its dependencies). Try using the full path with constructor syntax.

The above exception was the direct cause of the following exception:

Traceback (most recent call last):
  File "C:\Users\rimse\AppData\Roaming\Python\Python314\site-packages\torchcodec\_internally_replaced_utils.py", line 132, in load_core_libraries
    torch.ops.load_library(core_library_path)
    ~~~~~~~~~~~~~~~~~~~~~~^^^^^^^^^^^^^^^^^^^
  File "C:\Users\rimse\AppData\Roaming\Python\Python314\site-packages\torch\_ops.py", line 1589, in load_library
    raise OSError(f"Could not load this library: {path}") from e
OSError: Could not load this library: C:\Users\rimse\AppData\Roaming\Python\Python314\site-packages\torchcodec\libtorchcodec_core4.dll
[end of libtorchcodec loading traceback].
2026-09-19 23:13:20,444 [INFO] great_sage.core.metrics: timing Hola | first_token=50.02s  text_done=55.13s  total=69.25s
2026-09-19 23:14:31,853 [INFO] faster_whisper: Processing audio with duration 00:00.840
2026-09-19 23:14:31,901 [INFO] faster_whisper: VAD filter removed 00:00.000 of audio
2026-09-19 23:14:34,178 [INFO] great_sage.server: Voice key down: listening (mode COMPANION)
2026-09-19 23:14:38,464 [INFO] great_sage.server: Voice key up: transcribing
2026-09-19 23:14:38,570 [INFO] faster_whisper: Processing audio with duration 00:03.770
2026-09-19 23:14:38,597 [INFO] faster_whisper: VAD filter removed 00:01.328 of audio
2026-09-19 23:14:47,895 [INFO] great_sage.voice.speech_to_text: Transcribed 3.8s of audio: 'Kola, kamos tas.'
2026-09-19 23:15:03,635 [INFO] great_sage.voice.speech_to_text: Transcribed 0.8s of audio: "We'll see you in the next video."
2026-09-19 23:15:03,716 [INFO] faster_whisper: Processing audio with duration 00:01.860
2026-09-19 23:15:03,821 [INFO] faster_whisper: VAD filter removed 00:00.000 of audio
2026-09-19 23:15:08,415 [INFO] great_sage.voice.speech_to_text: Transcribed 1.9s of audio: 'online. Commos tas. .'
2026-09-19 23:15:16,712 [ERROR] great_sage.server: Voice/audio error speaking reply to 'Kola, kamos tas.'
Traceback (most recent call last):
  File "C:\Users\rimse\AppData\Roaming\Python\Python314\site-packages\torchaudio\_torchcodec.py", line 116, in load_with_torchcodec
    decoder = AudioDecoder(uri)
  File "C:\Users\rimse\AppData\Roaming\Python\Python314\site-packages\torchcodec\decoders\_audio_decoder.py", line 73, in __init__
    ) = create_audio_decoder(
        ~~~~~~~~~~~~~~~~~~~~^
        source=source,
        ^^^^^^^^^^^^^^
    ...<3 lines>...
        num_channels=num_channels,
        ^^^^^^^^^^^^^^^^^^^^^^^^^^
    )
    ^
  File "C:\Users\rimse\AppData\Roaming\Python\Python314\site-packages\torchcodec\_core\_decoder_utils.py", line 81, in create_audio_decoder
    decoder = create_decoder(source=source, seek_mode=seek_mode)
  File "C:\Users\rimse\AppData\Roaming\Python\Python314\site-packages\torchcodec\_core\_decoder_utils.py", line 46, in create_decoder
    load_core_libraries()
    ~~~~~~~~~~~~~~~~~~~^^
  File "C:\Users\rimse\AppData\Roaming\Python\Python314\site-packages\torchcodec\_internally_replaced_utils.py", line 145, in load_core_libraries
    raise RuntimeError(
    ...<16 lines>...
    )
RuntimeError: Could not load libtorchcodec. Likely causes:
          1. FFmpeg is not properly installed in your environment. We support
             versions 4, 5, 6, 7, 8, and 9, and we attempt to load libtorchcodec
             for each of those versions. Errors for versions not installed on
             your system are expected; only the error for your installed FFmpeg
             version is relevant. On Windows, ensure you've installed the
             "full-shared" version which ships DLLs.
          2. The PyTorch version (2.14.0+cu130) is not compatible with
             this version of TorchCodec. Refer to the version compatibility
             table:
             https://github.com/pytorch/torchcodec?tab=readme-ov-file#installing-torchcodec.
          3. Another runtime dependency; see exceptions below.

        The following exceptions were raised as we tried to load libtorchcodec:
        
[start of libtorchcodec loading traceback]
FFmpeg version 9:
Traceback (most recent call last):
  File "C:\Users\rimse\AppData\Roaming\Python\Python314\site-packages\torch\_ops.py", line 1587, in load_library
    ctypes.CDLL(path)
    ~~~~~~~~~~~^^^^^^
  File "C:\Python314\Lib\ctypes\__init__.py", line 433, in __init__
    self._handle = self._load_library(name, mode, handle, winmode)
                   ~~~~~~~~~~~~~~~~~~^^^^^^^^^^^^^^^^^^^^^^^^^^^^^
  File "C:\Python314\Lib\ctypes\__init__.py", line 451, in _load_library
    return _LoadLibrary(self._name, winmode)
FileNotFoundError: Could not find module 'C:\Users\rimse\AppData\Roaming\Python\Python314\site-packages\torchcodec\libtorchcodec_core9.dll' (or one of its dependencies). Try using the full path with constructor syntax.

The above exception was the direct cause of the following exception:

Traceback (most recent call last):
  File "C:\Users\rimse\AppData\Roaming\Python\Python314\site-packages\torchcodec\_internally_replaced_utils.py", line 132, in load_core_libraries
    torch.ops.load_library(core_library_path)
    ~~~~~~~~~~~~~~~~~~~~~~^^^^^^^^^^^^^^^^^^^
  File "C:\Users\rimse\AppData\Roaming\Python\Python314\site-packages\torch\_ops.py", line 1589, in load_library
    raise OSError(f"Could not load this library: {path}") from e
OSError: Could not load this library: C:\Users\rimse\AppData\Roaming\Python\Python314\site-packages\torchcodec\libtorchcodec_core9.dll

FFmpeg version 8:
Traceback (most recent call last):
  File "C:\Users\rimse\AppData\Roaming\Python\Python314\site-packages\torch\_ops.py", line 1587, in load_library
    ctypes.CDLL(path)
    ~~~~~~~~~~~^^^^^^
  File "C:\Python314\Lib\ctypes\__init__.py", line 433, in __init__
    self._handle = self._load_library(name, mode, handle, winmode)
                   ~~~~~~~~~~~~~~~~~~^^^^^^^^^^^^^^^^^^^^^^^^^^^^^
  File "C:\Python314\Lib\ctypes\__init__.py", line 451, in _load_library
    return _LoadLibrary(self._name, winmode)
FileNotFoundError: Could not find module 'C:\Users\rimse\AppData\Roaming\Python\Python314\site-packages\torchcodec\libtorchcodec_core8.dll' (or one of its dependencies). Try using the full path with constructor syntax.

The above exception was the direct cause of the following exception:

Traceback (most recent call last):
  File "C:\Users\rimse\AppData\Roaming\Python\Python314\site-packages\torchcodec\_internally_replaced_utils.py", line 132, in load_core_libraries
    torch.ops.load_library(core_library_path)
    ~~~~~~~~~~~~~~~~~~~~~~^^^^^^^^^^^^^^^^^^^
  File "C:\Users\rimse\AppData\Roaming\Python\Python314\site-packages\torch\_ops.py", line 1589, in load_library
    raise OSError(f"Could not load this library: {path}") from e
OSError: Could not load this library: C:\Users\rimse\AppData\Roaming\Python\Python314\site-packages\torchcodec\libtorchcodec_core8.dll

FFmpeg version 7:
Traceback (most recent call last):
  File "C:\Users\rimse\AppData\Roaming\Python\Python314\site-packages\torch\_ops.py", line 1587, in load_library
    ctypes.CDLL(path)
    ~~~~~~~~~~~^^^^^^
  File "C:\Python314\Lib\ctypes\__init__.py", line 433, in __init__
    self._handle = self._load_library(name, mode, handle, winmode)
                   ~~~~~~~~~~~~~~~~~~^^^^^^^^^^^^^^^^^^^^^^^^^^^^^
  File "C:\Python314\Lib\ctypes\__init__.py", line 451, in _load_library
    return _LoadLibrary(self._name, winmode)
FileNotFoundError: Could not find module 'C:\Users\rimse\AppData\Roaming\Python\Python314\site-packages\torchcodec\libtorchcodec_core7.dll' (or one of its dependencies). Try using the full path with constructor syntax.

The above exception was the direct cause of the following exception:

Traceback (most recent call last):
  File "C:\Users\rimse\AppData\Roaming\Python\Python314\site-packages\torchcodec\_internally_replaced_utils.py", line 132, in load_core_libraries
    torch.ops.load_library(core_library_path)
    ~~~~~~~~~~~~~~~~~~~~~~^^^^^^^^^^^^^^^^^^^
  File "C:\Users\rimse\AppData\Roaming\Python\Python314\site-packages\torch\_ops.py", line 1589, in load_library
    raise OSError(f"Could not load this library: {path}") from e
OSError: Could not load this library: C:\Users\rimse\AppData\Roaming\Python\Python314\site-packages\torchcodec\libtorchcodec_core7.dll

FFmpeg version 6:
Traceback (most recent call last):
  File "C:\Users\rimse\AppData\Roaming\Python\Python314\site-packages\torch\_ops.py", line 1587, in load_library
    ctypes.CDLL(path)
    ~~~~~~~~~~~^^^^^^
  File "C:\Python314\Lib\ctypes\__init__.py", line 433, in __init__
    self._handle = self._load_library(name, mode, handle, winmode)
                   ~~~~~~~~~~~~~~~~~~^^^^^^^^^^^^^^^^^^^^^^^^^^^^^
  File "C:\Python314\Lib\ctypes\__init__.py", line 451, in _load_library
    return _LoadLibrary(self._name, winmode)
FileNotFoundError: Could not find module 'C:\Users\rimse\AppData\Roaming\Python\Python314\site-packages\torchcodec\libtorchcodec_core6.dll' (or one of its dependencies). Try using the full path with constructor syntax.

The above exception was the direct cause of the following exception:

Traceback (most recent call last):
  File "C:\Users\rimse\AppData\Roaming\Python\Python314\site-packages\torchcodec\_internally_replaced_utils.py", line 132, in load_core_libraries
    torch.ops.load_library(core_library_path)
    ~~~~~~~~~~~~~~~~~~~~~~^^^^^^^^^^^^^^^^^^^
  File "C:\Users\rimse\AppData\Roaming\Python\Python314\site-packages\torch\_ops.py", line 1589, in load_library
    raise OSError(f"Could not load this library: {path}") from e
OSError: Could not load this library: C:\Users\rimse\AppData\Roaming\Python\Python314\site-packages\torchcodec\libtorchcodec_core6.dll

FFmpeg version 5:
Traceback (most recent call last):
  File "C:\Users\rimse\AppData\Roaming\Python\Python314\site-packages\torch\_ops.py", line 1587, in load_library
    ctypes.CDLL(path)
    ~~~~~~~~~~~^^^^^^
  File "C:\Python314\Lib\ctypes\__init__.py", line 433, in __init__
    self._handle = self._load_library(name, mode, handle, winmode)
                   ~~~~~~~~~~~~~~~~~~^^^^^^^^^^^^^^^^^^^^^^^^^^^^^
  File "C:\Python314\Lib\ctypes\__init__.py", line 451, in _load_library
    return _LoadLibrary(self._name, winmode)
FileNotFoundError: Could not find module 'C:\Users\rimse\AppData\Roaming\Python\Python314\site-packages\torchcodec\libtorchcodec_core5.dll' (or one of its dependencies). Try using the full path with constructor syntax.

The above exception was the direct cause of the following exception:

Traceback (most recent call last):
  File "C:\Users\rimse\AppData\Roaming\Python\Python314\site-packages\torchcodec\_internally_replaced_utils.py", line 132, in load_core_libraries
    torch.ops.load_library(core_library_path)
    ~~~~~~~~~~~~~~~~~~~~~~^^^^^^^^^^^^^^^^^^^
  File "C:\Users\rimse\AppData\Roaming\Python\Python314\site-packages\torch\_ops.py", line 1589, in load_library
    raise OSError(f"Could not load this library: {path}") from e
OSError: Could not load this library: C:\Users\rimse\AppData\Roaming\Python\Python314\site-packages\torchcodec\libtorchcodec_core5.dll

FFmpeg version 4:
Traceback (most recent call last):
  File "C:\Users\rimse\AppData\Roaming\Python\Python314\site-packages\torch\_ops.py", line 1587, in load_library
    ctypes.CDLL(path)
    ~~~~~~~~~~~^^^^^^
  File "C:\Python314\Lib\ctypes\__init__.py", line 433, in __init__
    self._handle = self._load_library(name, mode, handle, winmode)
                   ~~~~~~~~~~~~~~~~~~^^^^^^^^^^^^^^^^^^^^^^^^^^^^^
  File "C:\Python314\Lib\ctypes\__init__.py", line 451, in _load_library
    return _LoadLibrary(self._name, winmode)
FileNotFoundError: Could not find module 'C:\Users\rimse\AppData\Roaming\Python\Python314\site-packages\torchcodec\libtorchcodec_core4.dll' (or one of its dependencies). Try using the full path with constructor syntax.

The above exception was the direct cause of the following exception:

Traceback (most recent call last):
  File "C:\Users\rimse\AppData\Roaming\Python\Python314\site-packages\torchcodec\_internally_replaced_utils.py", line 132, in load_core_libraries
    torch.ops.load_library(core_library_path)
    ~~~~~~~~~~~~~~~~~~~~~~^^^^^^^^^^^^^^^^^^^
  File "C:\Users\rimse\AppData\Roaming\Python\Python314\site-packages\torch\_ops.py", line 1589, in load_library
    raise OSError(f"Could not load this library: {path}") from e
OSError: Could not load this library: C:\Users\rimse\AppData\Roaming\Python\Python314\site-packages\torchcodec\libtorchcodec_core4.dll
[end of libtorchcodec loading traceback].

The above exception was the direct cause of the following exception:

Traceback (most recent call last):
  File "C:\Users\rimse\Downloads\The-GREAT-SAGE-master\great_sage\voice\f5_tts_engine.py", line 383, in _generate_once
    wav, sample_rate, _ = self._infer_process(
                          ~~~~~~~~~~~~~~~~~~~^
        ref_audio, ref_text, text,
        ^^^^^^^^^^^^^^^^^^^^^^^^^^
    ...<4 lines>...
        device=self._api.device,
        ^^^^^^^^^^^^^^^^^^^^^^^^
    )
    ^
  File "C:\Users\rimse\AppData\Roaming\Python\Python314\site-packages\f5_tts\infer\utils_infer.py", line 403, in infer_process
    audio, sr = torchaudio.load(ref_audio)
                ~~~~~~~~~~~~~~~^^^^^^^^^^^
  File "C:\Users\rimse\AppData\Roaming\Python\Python314\site-packages\torchaudio\__init__.py", line 86, in load
    return load_with_torchcodec(
        uri,
    ...<6 lines>...
        backend=backend,
    )
  File "C:\Users\rimse\AppData\Roaming\Python\Python314\site-packages\torchaudio\_torchcodec.py", line 118, in load_with_torchcodec
    raise RuntimeError(f"Failed to create AudioDecoder for {uri}: {e}") from e
RuntimeError: Failed to create AudioDecoder for C:\Users\rimse\AppData\Local\Temp\tmpqbo9rdt6.wav: Could not load libtorchcodec. Likely causes:
          1. FFmpeg is not properly installed in your environment. We support
             versions 4, 5, 6, 7, 8, and 9, and we attempt to load libtorchcodec
             for each of those versions. Errors for versions not installed on
             your system are expected; only the error for your installed FFmpeg
             version is relevant. On Windows, ensure you've installed the
             "full-shared" version which ships DLLs.
          2. The PyTorch version (2.14.0+cu130) is not compatible with
             this version of TorchCodec. Refer to the version compatibility
             table:
             https://github.com/pytorch/torchcodec?tab=readme-ov-file#installing-torchcodec.
          3. Another runtime dependency; see exceptions below.

        The following exceptions were raised as we tried to load libtorchcodec:
        
[start of libtorchcodec loading traceback]
FFmpeg version 9:
Traceback (most recent call last):
  File "C:\Users\rimse\AppData\Roaming\Python\Python314\site-packages\torch\_ops.py", line 1587, in load_library
    ctypes.CDLL(path)
    ~~~~~~~~~~~^^^^^^
  File "C:\Python314\Lib\ctypes\__init__.py", line 433, in __init__
    self._handle = self._load_library(name, mode, handle, winmode)
                   ~~~~~~~~~~~~~~~~~~^^^^^^^^^^^^^^^^^^^^^^^^^^^^^
  File "C:\Python314\Lib\ctypes\__init__.py", line 451, in _load_library
    return _LoadLibrary(self._name, winmode)
FileNotFoundError: Could not find module 'C:\Users\rimse\AppData\Roaming\Python\Python314\site-packages\torchcodec\libtorchcodec_core9.dll' (or one of its dependencies). Try using the full path with constructor syntax.

The above exception was the direct cause of the following exception:

Traceback (most recent call last):
  File "C:\Users\rimse\AppData\Roaming\Python\Python314\site-packages\torchcodec\_internally_replaced_utils.py", line 132, in load_core_libraries
    torch.ops.load_library(core_library_path)
    ~~~~~~~~~~~~~~~~~~~~~~^^^^^^^^^^^^^^^^^^^
  File "C:\Users\rimse\AppData\Roaming\Python\Python314\site-packages\torch\_ops.py", line 1589, in load_library
    raise OSError(f"Could not load this library: {path}") from e
OSError: Could not load this library: C:\Users\rimse\AppData\Roaming\Python\Python314\site-packages\torchcodec\libtorchcodec_core9.dll

FFmpeg version 8:
Traceback (most recent call last):
  File "C:\Users\rimse\AppData\Roaming\Python\Python314\site-packages\torch\_ops.py", line 1587, in load_library
    ctypes.CDLL(path)
    ~~~~~~~~~~~^^^^^^
  File "C:\Python314\Lib\ctypes\__init__.py", line 433, in __init__
    self._handle = self._load_library(name, mode, handle, winmode)
                   ~~~~~~~~~~~~~~~~~~^^^^^^^^^^^^^^^^^^^^^^^^^^^^^
  File "C:\Python314\Lib\ctypes\__init__.py", line 451, in _load_library
    return _LoadLibrary(self._name, winmode)
FileNotFoundError: Could not find module 'C:\Users\rimse\AppData\Roaming\Python\Python314\site-packages\torchcodec\libtorchcodec_core8.dll' (or one of its dependencies). Try using the full path with constructor syntax.

The above exception was the direct cause of the following exception:

Traceback (most recent call last):
  File "C:\Users\rimse\AppData\Roaming\Python\Python314\site-packages\torchcodec\_internally_replaced_utils.py", line 132, in load_core_libraries
    torch.ops.load_library(core_library_path)
    ~~~~~~~~~~~~~~~~~~~~~~^^^^^^^^^^^^^^^^^^^
  File "C:\Users\rimse\AppData\Roaming\Python\Python314\site-packages\torch\_ops.py", line 1589, in load_library
    raise OSError(f"Could not load this library: {path}") from e
OSError: Could not load this library: C:\Users\rimse\AppData\Roaming\Python\Python314\site-packages\torchcodec\libtorchcodec_core8.dll

FFmpeg version 7:
Traceback (most recent call last):
  File "C:\Users\rimse\AppData\Roaming\Python\Python314\site-packages\torch\_ops.py", line 1587, in load_library
    ctypes.CDLL(path)
    ~~~~~~~~~~~^^^^^^
  File "C:\Python314\Lib\ctypes\__init__.py", line 433, in __init__
    self._handle = self._load_library(name, mode, handle, winmode)
                   ~~~~~~~~~~~~~~~~~~^^^^^^^^^^^^^^^^^^^^^^^^^^^^^
  File "C:\Python314\Lib\ctypes\__init__.py", line 451, in _load_library
    return _LoadLibrary(self._name, winmode)
FileNotFoundError: Could not find module 'C:\Users\rimse\AppData\Roaming\Python\Python314\site-packages\torchcodec\libtorchcodec_core7.dll' (or one of its dependencies). Try using the full path with constructor syntax.

The above exception was the direct cause of the following exception:

Traceback (most recent call last):
  File "C:\Users\rimse\AppData\Roaming\Python\Python314\site-packages\torchcodec\_internally_replaced_utils.py", line 132, in load_core_libraries
    torch.ops.load_library(core_library_path)
    ~~~~~~~~~~~~~~~~~~~~~~^^^^^^^^^^^^^^^^^^^
  File "C:\Users\rimse\AppData\Roaming\Python\Python314\site-packages\torch\_ops.py", line 1589, in load_library
    raise OSError(f"Could not load this library: {path}") from e
OSError: Could not load this library: C:\Users\rimse\AppData\Roaming\Python\Python314\site-packages\torchcodec\libtorchcodec_core7.dll

FFmpeg version 6:
Traceback (most recent call last):
  File "C:\Users\rimse\AppData\Roaming\Python\Python314\site-packages\torch\_ops.py", line 1587, in load_library
    ctypes.CDLL(path)
    ~~~~~~~~~~~^^^^^^
  File "C:\Python314\Lib\ctypes\__init__.py", line 433, in __init__
    self._handle = self._load_library(name, mode, handle, winmode)
                   ~~~~~~~~~~~~~~~~~~^^^^^^^^^^^^^^^^^^^^^^^^^^^^^
  File "C:\Python314\Lib\ctypes\__init__.py", line 451, in _load_library
    return _LoadLibrary(self._name, winmode)
FileNotFoundError: Could not find module 'C:\Users\rimse\AppData\Roaming\Python\Python314\site-packages\torchcodec\libtorchcodec_core6.dll' (or one of its dependencies). Try using the full path with constructor syntax.

The above exception was the direct cause of the following exception:

Traceback (most recent call last):
  File "C:\Users\rimse\AppData\Roaming\Python\Python314\site-packages\torchcodec\_internally_replaced_utils.py", line 132, in load_core_libraries
    torch.ops.load_library(core_library_path)
    ~~~~~~~~~~~~~~~~~~~~~~^^^^^^^^^^^^^^^^^^^
  File "C:\Users\rimse\AppData\Roaming\Python\Python314\site-packages\torch\_ops.py", line 1589, in load_library
    raise OSError(f"Could not load this library: {path}") from e
OSError: Could not load this library: C:\Users\rimse\AppData\Roaming\Python\Python314\site-packages\torchcodec\libtorchcodec_core6.dll

FFmpeg version 5:
Traceback (most recent call last):
  File "C:\Users\rimse\AppData\Roaming\Python\Python314\site-packages\torch\_ops.py", line 1587, in load_library
    ctypes.CDLL(path)
    ~~~~~~~~~~~^^^^^^
  File "C:\Python314\Lib\ctypes\__init__.py", line 433, in __init__
    self._handle = self._load_library(name, mode, handle, winmode)
                   ~~~~~~~~~~~~~~~~~~^^^^^^^^^^^^^^^^^^^^^^^^^^^^^
  File "C:\Python314\Lib\ctypes\__init__.py", line 451, in _load_library
    return _LoadLibrary(self._name, winmode)
FileNotFoundError: Could not find module 'C:\Users\rimse\AppData\Roaming\Python\Python314\site-packages\torchcodec\libtorchcodec_core5.dll' (or one of its dependencies). Try using the full path with constructor syntax.

The above exception was the direct cause of the following exception:

Traceback (most recent call last):
  File "C:\Users\rimse\AppData\Roaming\Python\Python314\site-packages\torchcodec\_internally_replaced_utils.py", line 132, in load_core_libraries
    torch.ops.load_library(core_library_path)
    ~~~~~~~~~~~~~~~~~~~~~~^^^^^^^^^^^^^^^^^^^
  File "C:\Users\rimse\AppData\Roaming\Python\Python314\site-packages\torch\_ops.py", line 1589, in load_library
    raise OSError(f"Could not load this library: {path}") from e
OSError: Could not load this library: C:\Users\rimse\AppData\Roaming\Python\Python314\site-packages\torchcodec\libtorchcodec_core5.dll

FFmpeg version 4:
Traceback (most recent call last):
  File "C:\Users\rimse\AppData\Roaming\Python\Python314\site-packages\torch\_ops.py", line 1587, in load_library
    ctypes.CDLL(path)
    ~~~~~~~~~~~^^^^^^
  File "C:\Python314\Lib\ctypes\__init__.py", line 433, in __init__
    self._handle = self._load_library(name, mode, handle, winmode)
                   ~~~~~~~~~~~~~~~~~~^^^^^^^^^^^^^^^^^^^^^^^^^^^^^
  File "C:\Python314\Lib\ctypes\__init__.py", line 451, in _load_library
    return _LoadLibrary(self._name, winmode)
FileNotFoundError: Could not find module 'C:\Users\rimse\AppData\Roaming\Python\Python314\site-packages\torchcodec\libtorchcodec_core4.dll' (or one of its dependencies). Try using the full path with constructor syntax.

The above exception was the direct cause of the following exception:

Traceback (most recent call last):
  File "C:\Users\rimse\AppData\Roaming\Python\Python314\site-packages\torchcodec\_internally_replaced_utils.py", line 132, in load_core_libraries
    torch.ops.load_library(core_library_path)
    ~~~~~~~~~~~~~~~~~~~~~~^^^^^^^^^^^^^^^^^^^
  File "C:\Users\rimse\AppData\Roaming\Python\Python314\site-packages\torch\_ops.py", line 1589, in load_library
    raise OSError(f"Could not load this library: {path}") from e
OSError: Could not load this library: C:\Users\rimse\AppData\Roaming\Python\Python314\site-packages\torchcodec\libtorchcodec_core4.dll
[end of libtorchcodec loading traceback].

The above exception was the direct cause of the following exception:

Traceback (most recent call last):
  File "C:\Users\rimse\Downloads\The-GREAT-SAGE-master\great_sage\server.py", line 828, in _handle_chat
    voice.speak(cap_for_speech(speakable("".join(reply_chunks))))
    ~~~~~~~~~~~^^^^^^^^^^^^^^^^^^^^^^^^^^^^^^^^^^^^^^^^^^^^^^^^^^
  File "C:\Users\rimse\Downloads\The-GREAT-SAGE-master\great_sage\voice\f5_tts_engine.py", line 579, in speak
    self._speak_tts_segment(payload)
    ~~~~~~~~~~~~~~~~~~~~~~~^^^^^^^^^
  File "C:\Users\rimse\Downloads\The-GREAT-SAGE-master\great_sage\voice\f5_tts_engine.py", line 483, in _speak_tts_segment
    samples, rate = self.generate(spoken)
                    ~~~~~~~~~~~~~^^^^^^^^
  File "C:\Users\rimse\Downloads\The-GREAT-SAGE-master\great_sage\voice\f5_tts_engine.py", line 412, in generate
    wav, rate = self._generate_once(pieces[0])
                ~~~~~~~~~~~~~~~~~~~^^^^^^^^^^^
  File "C:\Users\rimse\Downloads\The-GREAT-SAGE-master\great_sage\voice\f5_tts_engine.py", line 392, in _generate_once
    raise VoiceError(f"F5-TTS synthesis failed: {exc}") from exc
great_sage.voice.base.VoiceError: F5-TTS synthesis failed: Failed to create AudioDecoder for C:\Users\rimse\AppData\Local\Temp\tmpqbo9rdt6.wav: Could not load libtorchcodec. Likely causes:
          1. FFmpeg is not properly installed in your environment. We support
             versions 4, 5, 6, 7, 8, and 9, and we attempt to load libtorchcodec
             for each of those versions. Errors for versions not installed on
             your system are expected; only the error for your installed FFmpeg
             version is relevant. On Windows, ensure you've installed the
             "full-shared" version which ships DLLs.
          2. The PyTorch version (2.14.0+cu130) is not compatible with
             this version of TorchCodec. Refer to the version compatibility
             table:
             https://github.com/pytorch/torchcodec?tab=readme-ov-file#installing-torchcodec.
          3. Another runtime dependency; see exceptions below.

        The following exceptions were raised as we tried to load libtorchcodec:
        
[start of libtorchcodec loading traceback]
FFmpeg version 9:
Traceback (most recent call last):
  File "C:\Users\rimse\AppData\Roaming\Python\Python314\site-packages\torch\_ops.py", line 1587, in load_library
    ctypes.CDLL(path)
    ~~~~~~~~~~~^^^^^^
  File "C:\Python314\Lib\ctypes\__init__.py", line 433, in __init__
    self._handle = self._load_library(name, mode, handle, winmode)
                   ~~~~~~~~~~~~~~~~~~^^^^^^^^^^^^^^^^^^^^^^^^^^^^^
  File "C:\Python314\Lib\ctypes\__init__.py", line 451, in _load_library
    return _LoadLibrary(self._name, winmode)
FileNotFoundError: Could not find module 'C:\Users\rimse\AppData\Roaming\Python\Python314\site-packages\torchcodec\libtorchcodec_core9.dll' (or one of its dependencies). Try using the full path with constructor syntax.

The above exception was the direct cause of the following exception:

Traceback (most recent call last):
  File "C:\Users\rimse\AppData\Roaming\Python\Python314\site-packages\torchcodec\_internally_replaced_utils.py", line 132, in load_core_libraries
    torch.ops.load_library(core_library_path)
    ~~~~~~~~~~~~~~~~~~~~~~^^^^^^^^^^^^^^^^^^^
  File "C:\Users\rimse\AppData\Roaming\Python\Python314\site-packages\torch\_ops.py", line 1589, in load_library
    raise OSError(f"Could not load this library: {path}") from e
OSError: Could not load this library: C:\Users\rimse\AppData\Roaming\Python\Python314\site-packages\torchcodec\libtorchcodec_core9.dll

FFmpeg version 8:
Traceback (most recent call last):
  File "C:\Users\rimse\AppData\Roaming\Python\Python314\site-packages\torch\_ops.py", line 1587, in load_library
    ctypes.CDLL(path)
    ~~~~~~~~~~~^^^^^^
  File "C:\Python314\Lib\ctypes\__init__.py", line 433, in __init__
    self._handle = self._load_library(name, mode, handle, winmode)
                   ~~~~~~~~~~~~~~~~~~^^^^^^^^^^^^^^^^^^^^^^^^^^^^^
  File "C:\Python314\Lib\ctypes\__init__.py", line 451, in _load_library
    return _LoadLibrary(self._name, winmode)
FileNotFoundError: Could not find module 'C:\Users\rimse\AppData\Roaming\Python\Python314\site-packages\torchcodec\libtorchcodec_core8.dll' (or one of its dependencies). Try using the full path with constructor syntax.

The above exception was the direct cause of the following exception:

Traceback (most recent call last):
  File "C:\Users\rimse\AppData\Roaming\Python\Python314\site-packages\torchcodec\_internally_replaced_utils.py", line 132, in load_core_libraries
    torch.ops.load_library(core_library_path)
    ~~~~~~~~~~~~~~~~~~~~~~^^^^^^^^^^^^^^^^^^^
  File "C:\Users\rimse\AppData\Roaming\Python\Python314\site-packages\torch\_ops.py", line 1589, in load_library
    raise OSError(f"Could not load this library: {path}") from e
OSError: Could not load this library: C:\Users\rimse\AppData\Roaming\Python\Python314\site-packages\torchcodec\libtorchcodec_core8.dll

FFmpeg version 7:
Traceback (most recent call last):
  File "C:\Users\rimse\AppData\Roaming\Python\Python314\site-packages\torch\_ops.py", line 1587, in load_library
    ctypes.CDLL(path)
    ~~~~~~~~~~~^^^^^^
  File "C:\Python314\Lib\ctypes\__init__.py", line 433, in __init__
    self._handle = self._load_library(name, mode, handle, winmode)
                   ~~~~~~~~~~~~~~~~~~^^^^^^^^^^^^^^^^^^^^^^^^^^^^^
  File "C:\Python314\Lib\ctypes\__init__.py", line 451, in _load_library
    return _LoadLibrary(self._name, winmode)
FileNotFoundError: Could not find module 'C:\Users\rimse\AppData\Roaming\Python\Python314\site-packages\torchcodec\libtorchcodec_core7.dll' (or one of its dependencies). Try using the full path with constructor syntax.

The above exception was the direct cause of the following exception:

Traceback (most recent call last):
  File "C:\Users\rimse\AppData\Roaming\Python\Python314\site-packages\torchcodec\_internally_replaced_utils.py", line 132, in load_core_libraries
    torch.ops.load_library(core_library_path)
    ~~~~~~~~~~~~~~~~~~~~~~^^^^^^^^^^^^^^^^^^^
  File "C:\Users\rimse\AppData\Roaming\Python\Python314\site-packages\torch\_ops.py", line 1589, in load_library
    raise OSError(f"Could not load this library: {path}") from e
OSError: Could not load this library: C:\Users\rimse\AppData\Roaming\Python\Python314\site-packages\torchcodec\libtorchcodec_core7.dll

FFmpeg version 6:
Traceback (most recent call last):
  File "C:\Users\rimse\AppData\Roaming\Python\Python314\site-packages\torch\_ops.py", line 1587, in load_library
    ctypes.CDLL(path)
    ~~~~~~~~~~~^^^^^^
  File "C:\Python314\Lib\ctypes\__init__.py", line 433, in __init__
    self._handle = self._load_library(name, mode, handle, winmode)
                   ~~~~~~~~~~~~~~~~~~^^^^^^^^^^^^^^^^^^^^^^^^^^^^^
  File "C:\Python314\Lib\ctypes\__init__.py", line 451, in _load_library
    return _LoadLibrary(self._name, winmode)
FileNotFoundError: Could not find module 'C:\Users\rimse\AppData\Roaming\Python\Python314\site-packages\torchcodec\libtorchcodec_core6.dll' (or one of its dependencies). Try using the full path with constructor syntax.

The above exception was the direct cause of the following exception:

Traceback (most recent call last):
  File "C:\Users\rimse\AppData\Roaming\Python\Python314\site-packages\torchcodec\_internally_replaced_utils.py", line 132, in load_core_libraries
    torch.ops.load_library(core_library_path)
    ~~~~~~~~~~~~~~~~~~~~~~^^^^^^^^^^^^^^^^^^^
  File "C:\Users\rimse\AppData\Roaming\Python\Python314\site-packages\torch\_ops.py", line 1589, in load_library
    raise OSError(f"Could not load this library: {path}") from e
OSError: Could not load this library: C:\Users\rimse\AppData\Roaming\Python\Python314\site-packages\torchcodec\libtorchcodec_core6.dll

FFmpeg version 5:
Traceback (most recent call last):
  File "C:\Users\rimse\AppData\Roaming\Python\Python314\site-packages\torch\_ops.py", line 1587, in load_library
    ctypes.CDLL(path)
    ~~~~~~~~~~~^^^^^^
  File "C:\Python314\Lib\ctypes\__init__.py", line 433, in __init__
    self._handle = self._load_library(name, mode, handle, winmode)
                   ~~~~~~~~~~~~~~~~~~^^^^^^^^^^^^^^^^^^^^^^^^^^^^^
  File "C:\Python314\Lib\ctypes\__init__.py", line 451, in _load_library
    return _LoadLibrary(self._name, winmode)
FileNotFoundError: Could not find module 'C:\Users\rimse\AppData\Roaming\Python\Python314\site-packages\torchcodec\libtorchcodec_core5.dll' (or one of its dependencies). Try using the full path with constructor syntax.

The above exception was the direct cause of the following exception:

Traceback (most recent call last):
  File "C:\Users\rimse\AppData\Roaming\Python\Python314\site-packages\torchcodec\_internally_replaced_utils.py", line 132, in load_core_libraries
    torch.ops.load_library(core_library_path)
    ~~~~~~~~~~~~~~~~~~~~~~^^^^^^^^^^^^^^^^^^^
  File "C:\Users\rimse\AppData\Roaming\Python\Python314\site-packages\torch\_ops.py", line 1589, in load_library
    raise OSError(f"Could not load this library: {path}") from e
OSError: Could not load this library: C:\Users\rimse\AppData\Roaming\Python\Python314\site-packages\torchcodec\libtorchcodec_core5.dll

FFmpeg version 4:
Traceback (most recent call last):
  File "C:\Users\rimse\AppData\Roaming\Python\Python314\site-packages\torch\_ops.py", line 1587, in load_library
    ctypes.CDLL(path)
    ~~~~~~~~~~~^^^^^^
  File "C:\Python314\Lib\ctypes\__init__.py", line 433, in __init__
    self._handle = self._load_library(name, mode, handle, winmode)
                   ~~~~~~~~~~~~~~~~~~^^^^^^^^^^^^^^^^^^^^^^^^^^^^^
  File "C:\Python314\Lib\ctypes\__init__.py", line 451, in _load_library
    return _LoadLibrary(self._name, winmode)
FileNotFoundError: Could not find module 'C:\Users\rimse\AppData\Roaming\Python\Python314\site-packages\torchcodec\libtorchcodec_core4.dll' (or one of its dependencies). Try using the full path with constructor syntax.

The above exception was the direct cause of the following exception:

Traceback (most recent call last):
  File "C:\Users\rimse\AppData\Roaming\Python\Python314\site-packages\torchcodec\_internally_replaced_utils.py", line 132, in load_core_libraries
    torch.ops.load_library(core_library_path)
    ~~~~~~~~~~~~~~~~~~~~~~^^^^^^^^^^^^^^^^^^^
  File "C:\Users\rimse\AppData\Roaming\Python\Python314\site-packages\torch\_ops.py", line 1589, in load_library
    raise OSError(f"Could not load this library: {path}") from e
OSError: Could not load this library: C:\Users\rimse\AppData\Roaming\Python\Python314\site-packages\torchcodec\libtorchcodec_core4.dll
[end of libtorchcodec loading traceback].
2026-09-19 23:15:16,736 [INFO] great_sage.core.metrics: timing Kola, kamos tas. | first_token=12.66s  text_done=26.37s  total=28.83s
2026-09-19 23:16:53,653 [INFO] faster_whisper: Processing audio with duration 00:01.050
2026-09-19 23:16:53,710 [INFO] faster_whisper: VAD filter removed 00:01.050 of audio
2026-09-19 23:16:53,747 [WARNING] great_sage.voice.speech_to_text: Transcribed 1.1s of audio but got NO text. Either nothing was said, or the VAD filter rejected it - check that faster_whisper/assets/silero_vad_v6.onnx is present.
2026-09-19 23:18:25,435 [INFO] websockets.server: connection closed
2026-09-19 23:18:25,443 [INFO] great_sage.server: Client disconnected
2026-09-19 23:19:01,484 [INFO] great_sage.app: Great Sage starting (frozen=False, base=C:\Users\rimse\Downloads\The-GREAT-SAGE-master)
2026-09-19 23:19:12,202 [INFO] run_hud: Starting Great Sage HUD
2026-09-19 23:19:42,855 [INFO] httpx: HTTP Request: HEAD https://huggingface.co/charactr/vocos-mel-24khz/resolve/main/config.yaml "HTTP/1.1 307 Temporary Redirect"
2026-09-19 23:19:42,922 [INFO] httpx: HTTP Request: HEAD https://huggingface.co/api/resolve-cache/models/charactr/vocos-mel-24khz/0feb3fdd929bcd6649e0e7c5a688cf7dd012ef21/config.yaml?%2Fcharactr%2Fvocos-mel-24khz%2Fresolve%2Fmain%2Fconfig.yaml=&etag=%22538262138a8b43863802f279909f26ec31c766b3%22 "HTTP/1.1 200 OK"
2026-09-19 23:19:43,064 [INFO] httpx: HTTP Request: HEAD https://huggingface.co/charactr/vocos-mel-24khz/resolve/main/pytorch_model.bin "HTTP/1.1 302 Found"
2026-09-19 23:19:43,065 [WARNING] huggingface_hub.utils._http: Warning: You are sending unauthenticated requests to the HF Hub. Please set a HF_TOKEN to enable higher rate limits and faster downloads.
2026-09-19 23:19:43,725 [INFO] httpx: HTTP Request: HEAD https://huggingface.co/SWivid/F5-TTS/resolve/main/F5TTS_v1_Base/model_1250000.safetensors "HTTP/1.1 302 Found"
2026-09-19 23:19:52,663 [INFO] great_sage.server: Restored active voice: voice_c
2026-09-19 23:19:52,671 [INFO] great_sage.server: Restored voice FX settings
2026-09-19 23:19:52,684 [INFO] great_sage.server: Autonomy running (0 task(s) restored)
2026-09-19 23:19:52,689 [INFO] great_sage.server: Watching for fullscreen games (auto GAMING mode)
2026-09-19 23:19:52,703 [INFO] great_sage.core.global_hotkey: Global hotkey active: alt+1 (works from any window)
2026-09-19 23:19:52,708 [INFO] great_sage.server: Wake-word listener started (restored from settings)
2026-09-19 23:19:52,870 [INFO] websockets.server: server listening on [::1]:8765
2026-09-19 23:19:52,870 [INFO] websockets.server: server listening on 127.0.0.1:8765
2026-09-19 23:19:52,870 [INFO] great_sage.server: WebSocket bridge listening on ws://localhost:8765
2026-09-19 23:19:58,038 [INFO] websockets.server: connection open
2026-09-19 23:19:58,040 [INFO] great_sage.server: Client connected (::1:53144) ML, like Gecko) Chrome/153.0.0.0 Safari/537.36 Edg/153.0.0.0
2026-09-19 23:19:58,043 [INFO] great_sage.server: Restored 2 saved chat(s)
2026-09-19 23:19:58,044 [INFO] great_sage.server: Mode: COMPANION (model resident=True, hud fps=normal, wake word=True, web=True, online=True)
2026-09-19 23:19:59,118 [INFO] great_sage.server: Client is the hud
2026-09-19 23:19:59,367 [INFO] great_sage.server: Interface sounds ready (12/12)
2026-09-19 23:19:59,487 [INFO] run_hud: Placed window centre at (0,0) size 1924x1055
2026-09-19 23:19:59,501 [INFO] run_hud: Resize border on (style now 0x16050000)
2026-09-19 23:19:59,539 [INFO] run_hud: Host window background set to #070d14 (was the WinForms default, 240,240,240)
2026-09-19 23:19:59,774 [INFO] great_sage.server: Voice key is now alt+1 (works from any window)
2026-09-19 23:20:08,738 [INFO] great_sage.server: Voice key down: listening (mode COMPANION)
2026-09-19 23:20:11,564 [INFO] great_sage.server: Voice key up: transcribing
2026-09-19 23:20:11,966 [INFO] httpx: HTTP Request: GET https://huggingface.co/api/models/Systran/faster-whisper-base/revision/main "HTTP/1.1 200 OK"
2026-09-19 23:20:12,113 [INFO] httpx: HTTP Request: GET https://huggingface.co/api/models/Systran/faster-whisper-base/tree/ebe41f70d5b6dfa9166e2c581c45c9c0cfc57b66?recursive=true&expand=false "HTTP/1.1 200 OK"
2026-09-19 23:20:12,272 [INFO] httpx: HTTP Request: GET https://huggingface.co/api/models/Systran/faster-whisper-base/revision/main "HTTP/1.1 200 OK"
2026-09-19 23:20:12,424 [INFO] httpx: HTTP Request: HEAD https://huggingface.co/Systran/faster-whisper-base/resolve/ebe41f70d5b6dfa9166e2c581c45c9c0cfc57b66/vocabulary.txt "HTTP/1.1 307 Temporary Redirect"
2026-09-19 23:20:12,424 [INFO] httpx: HTTP Request: HEAD https://huggingface.co/Systran/faster-whisper-base/resolve/ebe41f70d5b6dfa9166e2c581c45c9c0cfc57b66/model.bin "HTTP/1.1 302 Found"
2026-09-19 23:20:12,424 [INFO] httpx: HTTP Request: HEAD https://huggingface.co/Systran/faster-whisper-base/resolve/ebe41f70d5b6dfa9166e2c581c45c9c0cfc57b66/tokenizer.json "HTTP/1.1 307 Temporary Redirect"
2026-09-19 23:20:12,435 [INFO] httpx: HTTP Request: HEAD https://huggingface.co/Systran/faster-whisper-base/resolve/ebe41f70d5b6dfa9166e2c581c45c9c0cfc57b66/config.json "HTTP/1.1 307 Temporary Redirect"
2026-09-19 23:20:12,455 [INFO] httpx: HTTP Request: HEAD https://huggingface.co/Systran/faster-whisper-base/resolve/ebe41f70d5b6dfa9166e2c581c45c9c0cfc57b66/config.json "HTTP/1.1 307 Temporary Redirect"
2026-09-19 23:20:12,502 [INFO] httpx: HTTP Request: HEAD https://huggingface.co/api/resolve-cache/models/Systran/faster-whisper-base/ebe41f70d5b6dfa9166e2c581c45c9c0cfc57b66/vocabulary.txt?%2FSystran%2Ffaster-whisper-base%2Fresolve%2Febe41f70d5b6dfa9166e2c581c45c9c0cfc57b66%2Fvocabulary.txt=&etag=%22c9074644d9d1205686f16d411564729461324b75%22 "HTTP/1.1 200 OK"
2026-09-19 23:20:12,502 [INFO] httpx: HTTP Request: HEAD https://huggingface.co/api/resolve-cache/models/Systran/faster-whisper-base/ebe41f70d5b6dfa9166e2c581c45c9c0cfc57b66/tokenizer.json?%2FSystran%2Ffaster-whisper-base%2Fresolve%2Febe41f70d5b6dfa9166e2c581c45c9c0cfc57b66%2Ftokenizer.json=&etag=%227818adb6de9fa3064d3ff81226fdd675be1f6344%22 "HTTP/1.1 200 OK"
2026-09-19 23:20:12,516 [INFO] httpx: HTTP Request: HEAD https://huggingface.co/api/resolve-cache/models/Systran/faster-whisper-base/ebe41f70d5b6dfa9166e2c581c45c9c0cfc57b66/config.json?%2FSystran%2Ffaster-whisper-base%2Fresolve%2Febe41f70d5b6dfa9166e2c581c45c9c0cfc57b66%2Fconfig.json=&etag=%22867cf1a0fece1394e01d55e287ba2f09a577c046%22 "HTTP/1.1 200 OK"
2026-09-19 23:20:12,524 [INFO] httpx: HTTP Request: HEAD https://huggingface.co/api/resolve-cache/models/Systran/faster-whisper-base/ebe41f70d5b6dfa9166e2c581c45c9c0cfc57b66/config.json?%2FSystran%2Ffaster-whisper-base%2Fresolve%2Febe41f70d5b6dfa9166e2c581c45c9c0cfc57b66%2Fconfig.json=&etag=%22867cf1a0fece1394e01d55e287ba2f09a577c046%22 "HTTP/1.1 200 OK"
2026-09-19 23:20:12,550 [INFO] httpx: HTTP Request: HEAD https://huggingface.co/Systran/faster-whisper-base/resolve/ebe41f70d5b6dfa9166e2c581c45c9c0cfc57b66/vocabulary.txt "HTTP/1.1 307 Temporary Redirect"
2026-09-19 23:20:12,555 [INFO] httpx: HTTP Request: HEAD https://huggingface.co/Systran/faster-whisper-base/resolve/ebe41f70d5b6dfa9166e2c581c45c9c0cfc57b66/tokenizer.json "HTTP/1.1 307 Temporary Redirect"
2026-09-19 23:20:12,589 [INFO] httpx: HTTP Request: GET https://huggingface.co/api/resolve-cache/models/Systran/faster-whisper-base/ebe41f70d5b6dfa9166e2c581c45c9c0cfc57b66/config.json?%2FSystran%2Ffaster-whisper-base%2Fresolve%2Febe41f70d5b6dfa9166e2c581c45c9c0cfc57b66%2Fconfig.json=&etag=%22867cf1a0fece1394e01d55e287ba2f09a577c046%22 "HTTP/1.1 200 OK"
2026-09-19 23:20:12,590 [INFO] httpx: HTTP Request: GET https://huggingface.co/api/resolve-cache/models/Systran/faster-whisper-base/ebe41f70d5b6dfa9166e2c581c45c9c0cfc57b66/tokenizer.json?%2FSystran%2Ffaster-whisper-base%2Fresolve%2Febe41f70d5b6dfa9166e2c581c45c9c0cfc57b66%2Ftokenizer.json=&etag=%227818adb6de9fa3064d3ff81226fdd675be1f6344%22 "HTTP/1.1 200 OK"
2026-09-19 23:20:12,590 [INFO] httpx: HTTP Request: GET https://huggingface.co/api/resolve-cache/models/Systran/faster-whisper-base/ebe41f70d5b6dfa9166e2c581c45c9c0cfc57b66/vocabulary.txt?%2FSystran%2Ffaster-whisper-base%2Fresolve%2Febe41f70d5b6dfa9166e2c581c45c9c0cfc57b66%2Fvocabulary.txt=&etag=%22c9074644d9d1205686f16d411564729461324b75%22 "HTTP/1.1 200 OK"
2026-09-19 23:20:12,620 [INFO] httpx: HTTP Request: HEAD https://huggingface.co/api/resolve-cache/models/Systran/faster-whisper-base/ebe41f70d5b6dfa9166e2c581c45c9c0cfc57b66/vocabulary.txt?%2FSystran%2Ffaster-whisper-base%2Fresolve%2Febe41f70d5b6dfa9166e2c581c45c9c0cfc57b66%2Fvocabulary.txt=&etag=%22c9074644d9d1205686f16d411564729461324b75%22 "HTTP/1.1 200 OK"
2026-09-19 23:20:12,624 [INFO] httpx: HTTP Request: HEAD https://huggingface.co/api/resolve-cache/models/Systran/faster-whisper-base/ebe41f70d5b6dfa9166e2c581c45c9c0cfc57b66/tokenizer.json?%2FSystran%2Ffaster-whisper-base%2Fresolve%2Febe41f70d5b6dfa9166e2c581c45c9c0cfc57b66%2Ftokenizer.json=&etag=%227818adb6de9fa3064d3ff81226fdd675be1f6344%22 "HTTP/1.1 200 OK"
2026-09-19 23:20:12,652 [INFO] httpx: HTTP Request: GET https://huggingface.co/api/models/Systran/faster-whisper-base/xet-read-token/ebe41f70d5b6dfa9166e2c581c45c9c0cfc57b66 "HTTP/1.1 200 OK"
2026-09-19 23:20:12,700 [INFO] httpx: HTTP Request: GET https://huggingface.co/api/resolve-cache/models/Systran/faster-whisper-base/ebe41f70d5b6dfa9166e2c581c45c9c0cfc57b66/config.json?%2FSystran%2Ffaster-whisper-base%2Fresolve%2Febe41f70d5b6dfa9166e2c581c45c9c0cfc57b66%2Fconfig.json=&etag=%22867cf1a0fece1394e01d55e287ba2f09a577c046%22 "HTTP/1.1 200 OK"
2026-09-19 23:20:12,850 [INFO] httpx: HTTP Request: GET https://huggingface.co/api/resolve-cache/models/Systran/faster-whisper-base/ebe41f70d5b6dfa9166e2c581c45c9c0cfc57b66/vocabulary.txt?%2FSystran%2Ffaster-whisper-base%2Fresolve%2Febe41f70d5b6dfa9166e2c581c45c9c0cfc57b66%2Fvocabulary.txt=&etag=%22c9074644d9d1205686f16d411564729461324b75%22 "HTTP/1.1 200 OK"
2026-09-19 23:20:12,953 [INFO] httpx: HTTP Request: GET https://huggingface.co/api/resolve-cache/models/Systran/faster-whisper-base/ebe41f70d5b6dfa9166e2c581c45c9c0cfc57b66/tokenizer.json?%2FSystran%2Ffaster-whisper-base%2Fresolve%2Febe41f70d5b6dfa9166e2c581c45c9c0cfc57b66%2Ftokenizer.json=&etag=%227818adb6de9fa3064d3ff81226fdd675be1f6344%22 "HTTP/1.1 200 OK"
2026-09-19 23:20:32,053 [INFO] faster_whisper: Processing audio with duration 00:01.710
2026-09-19 23:20:32,471 [INFO] faster_whisper: VAD filter removed 00:00.000 of audio
2026-09-19 23:20:34,299 [INFO] faster_whisper: Detected language 'es' with probability 0.96
2026-09-19 23:20:36,417 [INFO] great_sage.voice.speech_to_text: Transcribed 1.7s of audio: 'Hola, ¿cómo estás?'
2026-09-19 23:20:43,002 [INFO] faster_whisper: Processing audio with duration 00:02.782
2026-09-19 23:20:43,017 [INFO] faster_whisper: VAD filter removed 00:01.264 of audio
2026-09-19 23:20:44,508 [INFO] faster_whisper: Detected language 'es' with probability 0.97
2026-09-19 23:20:46,205 [INFO] great_sage.voice.speech_to_text: Transcribed 2.8s of audio: 'Hola, ¿cómo estás?'
2026-09-19 23:20:47,899 [INFO] faster_whisper: Processing audio with duration 00:01.380
2026-09-19 23:20:47,908 [INFO] faster_whisper: VAD filter removed 00:00.000 of audio
2026-09-19 23:20:49,745 [INFO] faster_whisper: Detected language 'en' with probability 0.51
2026-09-19 23:20:51,615 [INFO] great_sage.voice.speech_to_text: Transcribed 1.4s of audio: 'Oh, shut up!'
2026-09-19 23:21:01,819 [INFO] faster_whisper: Processing audio with duration 00:01.830
2026-09-19 23:21:01,834 [INFO] faster_whisper: VAD filter removed 00:00.000 of audio
2026-09-19 23:21:05,002 [INFO] faster_whisper: Detected language 'it' with probability 0.81
2026-09-19 23:21:07,484 [INFO] great_sage.voice.speech_to_text: Transcribed 1.8s of audio: 'Non ho di che so, non ho di che so.'
2026-09-19 23:21:18,025 [INFO] faster_whisper: Processing audio with duration 00:04.260
2026-09-19 23:21:18,048 [INFO] faster_whisper: VAD filter removed 00:00.000 of audio
2026-09-19 23:21:19,932 [INFO] faster_whisper: Detected language 'es' with probability 0.88
2026-09-19 23:21:22,002 [INFO] great_sage.voice.speech_to_text: Transcribed 4.3s of audio: 'No dije eso, yo no dije eso.'
2026-09-19 23:21:27,592 [INFO] faster_whisper: Processing audio with duration 00:02.700
2026-09-19 23:21:27,602 [INFO] faster_whisper: VAD filter removed 00:00.000 of audio
2026-09-19 23:21:29,237 [INFO] faster_whisper: Detected language 'es' with probability 0.98
2026-09-19 23:21:31,261 [INFO] great_sage.voice.speech_to_text: Transcribed 2.7s of audio: 'Dije hola como estás.'
2026-09-19 23:21:36,896 [INFO] great_sage.server: Voice key down: listening (mode COMPANION)
2026-09-19 23:21:37,110 [INFO] great_sage.server: Voice key up: transcribing
2026-09-19 23:21:40,597 [INFO] great_sage.server: Voice key down: listening (mode COMPANION)
2026-09-19 23:21:40,737 [INFO] great_sage.server: Voice key up: transcribing
2026-09-19 23:21:46,458 [ERROR] great_sage.server: Voice/audio error speaking reply to 'Hola, ¿cómo estás?'
Traceback (most recent call last):
  File "C:\Users\rimse\AppData\Roaming\Python\Python314\site-packages\torchaudio\_torchcodec.py", line 116, in load_with_torchcodec
    decoder = AudioDecoder(uri)
  File "C:\Users\rimse\AppData\Roaming\Python\Python314\site-packages\torchcodec\decoders\_audio_decoder.py", line 73, in __init__
    ) = create_audio_decoder(
        ~~~~~~~~~~~~~~~~~~~~^
        source=source,
        ^^^^^^^^^^^^^^
    ...<3 lines>...
        num_channels=num_channels,
        ^^^^^^^^^^^^^^^^^^^^^^^^^^
    )
    ^
  File "C:\Users\rimse\AppData\Roaming\Python\Python314\site-packages\torchcodec\_core\_decoder_utils.py", line 81, in create_audio_decoder
    decoder = create_decoder(source=source, seek_mode=seek_mode)
  File "C:\Users\rimse\AppData\Roaming\Python\Python314\site-packages\torchcodec\_core\_decoder_utils.py", line 46, in create_decoder
    load_core_libraries()
    ~~~~~~~~~~~~~~~~~~~^^
  File "C:\Users\rimse\AppData\Roaming\Python\Python314\site-packages\torchcodec\_internally_replaced_utils.py", line 145, in load_core_libraries
    raise RuntimeError(
    ...<16 lines>...
    )
RuntimeError: Could not load libtorchcodec. Likely causes:
          1. FFmpeg is not properly installed in your environment. We support
             versions 4, 5, 6, 7, 8, and 9, and we attempt to load libtorchcodec
             for each of those versions. Errors for versions not installed on
             your system are expected; only the error for your installed FFmpeg
             version is relevant. On Windows, ensure you've installed the
             "full-shared" version which ships DLLs.
          2. The PyTorch version (2.14.0+cu130) is not compatible with
             this version of TorchCodec. Refer to the version compatibility
             table:
             https://github.com/pytorch/torchcodec?tab=readme-ov-file#installing-torchcodec.
          3. Another runtime dependency; see exceptions below.

        The following exceptions were raised as we tried to load libtorchcodec:
        
[start of libtorchcodec loading traceback]
FFmpeg version 9:
Traceback (most recent call last):
  File "C:\Users\rimse\AppData\Roaming\Python\Python314\site-packages\torch\_ops.py", line 1587, in load_library
    ctypes.CDLL(path)
    ~~~~~~~~~~~^^^^^^
  File "C:\Python314\Lib\ctypes\__init__.py", line 433, in __init__
    self._handle = self._load_library(name, mode, handle, winmode)
                   ~~~~~~~~~~~~~~~~~~^^^^^^^^^^^^^^^^^^^^^^^^^^^^^
  File "C:\Python314\Lib\ctypes\__init__.py", line 451, in _load_library
    return _LoadLibrary(self._name, winmode)
FileNotFoundError: Could not find module 'C:\Users\rimse\AppData\Roaming\Python\Python314\site-packages\torchcodec\libtorchcodec_core9.dll' (or one of its dependencies). Try using the full path with constructor syntax.

The above exception was the direct cause of the following exception:

Traceback (most recent call last):
  File "C:\Users\rimse\AppData\Roaming\Python\Python314\site-packages\torchcodec\_internally_replaced_utils.py", line 132, in load_core_libraries
    torch.ops.load_library(core_library_path)
    ~~~~~~~~~~~~~~~~~~~~~~^^^^^^^^^^^^^^^^^^^
  File "C:\Users\rimse\AppData\Roaming\Python\Python314\site-packages\torch\_ops.py", line 1589, in load_library
    raise OSError(f"Could not load this library: {path}") from e
OSError: Could not load this library: C:\Users\rimse\AppData\Roaming\Python\Python314\site-packages\torchcodec\libtorchcodec_core9.dll

FFmpeg version 8:
Traceback (most recent call last):
  File "C:\Users\rimse\AppData\Roaming\Python\Python314\site-packages\torch\_ops.py", line 1587, in load_library
    ctypes.CDLL(path)
    ~~~~~~~~~~~^^^^^^
  File "C:\Python314\Lib\ctypes\__init__.py", line 433, in __init__
    self._handle = self._load_library(name, mode, handle, winmode)
                   ~~~~~~~~~~~~~~~~~~^^^^^^^^^^^^^^^^^^^^^^^^^^^^^
  File "C:\Python314\Lib\ctypes\__init__.py", line 451, in _load_library
    return _LoadLibrary(self._name, winmode)
FileNotFoundError: Could not find module 'C:\Users\rimse\AppData\Roaming\Python\Python314\site-packages\torchcodec\libtorchcodec_core8.dll' (or one of its dependencies). Try using the full path with constructor syntax.

The above exception was the direct cause of the following exception:

Traceback (most recent call last):
  File "C:\Users\rimse\AppData\Roaming\Python\Python314\site-packages\torchcodec\_internally_replaced_utils.py", line 132, in load_core_libraries
    torch.ops.load_library(core_library_path)
    ~~~~~~~~~~~~~~~~~~~~~~^^^^^^^^^^^^^^^^^^^
  File "C:\Users\rimse\AppData\Roaming\Python\Python314\site-packages\torch\_ops.py", line 1589, in load_library
    raise OSError(f"Could not load this library: {path}") from e
OSError: Could not load this library: C:\Users\rimse\AppData\Roaming\Python\Python314\site-packages\torchcodec\libtorchcodec_core8.dll

FFmpeg version 7:
Traceback (most recent call last):
  File "C:\Users\rimse\AppData\Roaming\Python\Python314\site-packages\torch\_ops.py", line 1587, in load_library
    ctypes.CDLL(path)
    ~~~~~~~~~~~^^^^^^
  File "C:\Python314\Lib\ctypes\__init__.py", line 433, in __init__
    self._handle = self._load_library(name, mode, handle, winmode)
                   ~~~~~~~~~~~~~~~~~~^^^^^^^^^^^^^^^^^^^^^^^^^^^^^
  File "C:\Python314\Lib\ctypes\__init__.py", line 451, in _load_library
    return _LoadLibrary(self._name, winmode)
FileNotFoundError: Could not find module 'C:\Users\rimse\AppData\Roaming\Python\Python314\site-packages\torchcodec\libtorchcodec_core7.dll' (or one of its dependencies). Try using the full path with constructor syntax.

The above exception was the direct cause of the following exception:

Traceback (most recent call last):
  File "C:\Users\rimse\AppData\Roaming\Python\Python314\site-packages\torchcodec\_internally_replaced_utils.py", line 132, in load_core_libraries
    torch.ops.load_library(core_library_path)
    ~~~~~~~~~~~~~~~~~~~~~~^^^^^^^^^^^^^^^^^^^
  File "C:\Users\rimse\AppData\Roaming\Python\Python314\site-packages\torch\_ops.py", line 1589, in load_library
    raise OSError(f"Could not load this library: {path}") from e
OSError: Could not load this library: C:\Users\rimse\AppData\Roaming\Python\Python314\site-packages\torchcodec\libtorchcodec_core7.dll

FFmpeg version 6:
Traceback (most recent call last):
  File "C:\Users\rimse\AppData\Roaming\Python\Python314\site-packages\torch\_ops.py", line 1587, in load_library
    ctypes.CDLL(path)
    ~~~~~~~~~~~^^^^^^
  File "C:\Python314\Lib\ctypes\__init__.py", line 433, in __init__
    self._handle = self._load_library(name, mode, handle, winmode)
                   ~~~~~~~~~~~~~~~~~~^^^^^^^^^^^^^^^^^^^^^^^^^^^^^
  File "C:\Python314\Lib\ctypes\__init__.py", line 451, in _load_library
    return _LoadLibrary(self._name, winmode)
FileNotFoundError: Could not find module 'C:\Users\rimse\AppData\Roaming\Python\Python314\site-packages\torchcodec\libtorchcodec_core6.dll' (or one of its dependencies). Try using the full path with constructor syntax.

The above exception was the direct cause of the following exception:

Traceback (most recent call last):
  File "C:\Users\rimse\AppData\Roaming\Python\Python314\site-packages\torchcodec\_internally_replaced_utils.py", line 132, in load_core_libraries
    torch.ops.load_library(core_library_path)
    ~~~~~~~~~~~~~~~~~~~~~~^^^^^^^^^^^^^^^^^^^
  File "C:\Users\rimse\AppData\Roaming\Python\Python314\site-packages\torch\_ops.py", line 1589, in load_library
    raise OSError(f"Could not load this library: {path}") from e
OSError: Could not load this library: C:\Users\rimse\AppData\Roaming\Python\Python314\site-packages\torchcodec\libtorchcodec_core6.dll

FFmpeg version 5:
Traceback (most recent call last):
  File "C:\Users\rimse\AppData\Roaming\Python\Python314\site-packages\torch\_ops.py", line 1587, in load_library
    ctypes.CDLL(path)
    ~~~~~~~~~~~^^^^^^
  File "C:\Python314\Lib\ctypes\__init__.py", line 433, in __init__
    self._handle = self._load_library(name, mode, handle, winmode)
                   ~~~~~~~~~~~~~~~~~~^^^^^^^^^^^^^^^^^^^^^^^^^^^^^
  File "C:\Python314\Lib\ctypes\__init__.py", line 451, in _load_library
    return _LoadLibrary(self._name, winmode)
FileNotFoundError: Could not find module 'C:\Users\rimse\AppData\Roaming\Python\Python314\site-packages\torchcodec\libtorchcodec_core5.dll' (or one of its dependencies). Try using the full path with constructor syntax.

The above exception was the direct cause of the following exception:

Traceback (most recent call last):
  File "C:\Users\rimse\AppData\Roaming\Python\Python314\site-packages\torchcodec\_internally_replaced_utils.py", line 132, in load_core_libraries
    torch.ops.load_library(core_library_path)
    ~~~~~~~~~~~~~~~~~~~~~~^^^^^^^^^^^^^^^^^^^
  File "C:\Users\rimse\AppData\Roaming\Python\Python314\site-packages\torch\_ops.py", line 1589, in load_library
    raise OSError(f"Could not load this library: {path}") from e
OSError: Could not load this library: C:\Users\rimse\AppData\Roaming\Python\Python314\site-packages\torchcodec\libtorchcodec_core5.dll

FFmpeg version 4:
Traceback (most recent call last):
  File "C:\Users\rimse\AppData\Roaming\Python\Python314\site-packages\torch\_ops.py", line 1587, in load_library
    ctypes.CDLL(path)
    ~~~~~~~~~~~^^^^^^
  File "C:\Python314\Lib\ctypes\__init__.py", line 433, in __init__
    self._handle = self._load_library(name, mode, handle, winmode)
                   ~~~~~~~~~~~~~~~~~~^^^^^^^^^^^^^^^^^^^^^^^^^^^^^
  File "C:\Python314\Lib\ctypes\__init__.py", line 451, in _load_library
    return _LoadLibrary(self._name, winmode)
FileNotFoundError: Could not find module 'C:\Users\rimse\AppData\Roaming\Python\Python314\site-packages\torchcodec\libtorchcodec_core4.dll' (or one of its dependencies). Try using the full path with constructor syntax.

The above exception was the direct cause of the following exception:

Traceback (most recent call last):
  File "C:\Users\rimse\AppData\Roaming\Python\Python314\site-packages\torchcodec\_internally_replaced_utils.py", line 132, in load_core_libraries
    torch.ops.load_library(core_library_path)
    ~~~~~~~~~~~~~~~~~~~~~~^^^^^^^^^^^^^^^^^^^
  File "C:\Users\rimse\AppData\Roaming\Python\Python314\site-packages\torch\_ops.py", line 1589, in load_library
    raise OSError(f"Could not load this library: {path}") from e
OSError: Could not load this library: C:\Users\rimse\AppData\Roaming\Python\Python314\site-packages\torchcodec\libtorchcodec_core4.dll
[end of libtorchcodec loading traceback].

The above exception was the direct cause of the following exception:

Traceback (most recent call last):
  File "C:\Users\rimse\Downloads\The-GREAT-SAGE-master\great_sage\voice\f5_tts_engine.py", line 383, in _generate_once
    wav, sample_rate, _ = self._infer_process(
                          ~~~~~~~~~~~~~~~~~~~^
        ref_audio, ref_text, text,
        ^^^^^^^^^^^^^^^^^^^^^^^^^^
    ...<4 lines>...
        device=self._api.device,
        ^^^^^^^^^^^^^^^^^^^^^^^^
    )
    ^
  File "C:\Users\rimse\AppData\Roaming\Python\Python314\site-packages\f5_tts\infer\utils_infer.py", line 403, in infer_process
    audio, sr = torchaudio.load(ref_audio)
                ~~~~~~~~~~~~~~~^^^^^^^^^^^
  File "C:\Users\rimse\AppData\Roaming\Python\Python314\site-packages\torchaudio\__init__.py", line 86, in load
    return load_with_torchcodec(
        uri,
    ...<6 lines>...
        backend=backend,
    )
  File "C:\Users\rimse\AppData\Roaming\Python\Python314\site-packages\torchaudio\_torchcodec.py", line 118, in load_with_torchcodec
    raise RuntimeError(f"Failed to create AudioDecoder for {uri}: {e}") from e
RuntimeError: Failed to create AudioDecoder for C:\Users\rimse\AppData\Local\Temp\tmpp946l4x7.wav: Could not load libtorchcodec. Likely causes:
          1. FFmpeg is not properly installed in your environment. We support
             versions 4, 5, 6, 7, 8, and 9, and we attempt to load libtorchcodec
             for each of those versions. Errors for versions not installed on
             your system are expected; only the error for your installed FFmpeg
             version is relevant. On Windows, ensure you've installed the
             "full-shared" version which ships DLLs.
          2. The PyTorch version (2.14.0+cu130) is not compatible with
             this version of TorchCodec. Refer to the version compatibility
             table:
             https://github.com/pytorch/torchcodec?tab=readme-ov-file#installing-torchcodec.
          3. Another runtime dependency; see exceptions below.

        The following exceptions were raised as we tried to load libtorchcodec:
        
[start of libtorchcodec loading traceback]
FFmpeg version 9:
Traceback (most recent call last):
  File "C:\Users\rimse\AppData\Roaming\Python\Python314\site-packages\torch\_ops.py", line 1587, in load_library
    ctypes.CDLL(path)
    ~~~~~~~~~~~^^^^^^
  File "C:\Python314\Lib\ctypes\__init__.py", line 433, in __init__
    self._handle = self._load_library(name, mode, handle, winmode)
                   ~~~~~~~~~~~~~~~~~~^^^^^^^^^^^^^^^^^^^^^^^^^^^^^
  File "C:\Python314\Lib\ctypes\__init__.py", line 451, in _load_library
    return _LoadLibrary(self._name, winmode)
FileNotFoundError: Could not find module 'C:\Users\rimse\AppData\Roaming\Python\Python314\site-packages\torchcodec\libtorchcodec_core9.dll' (or one of its dependencies). Try using the full path with constructor syntax.

The above exception was the direct cause of the following exception:

Traceback (most recent call last):
  File "C:\Users\rimse\AppData\Roaming\Python\Python314\site-packages\torchcodec\_internally_replaced_utils.py", line 132, in load_core_libraries
    torch.ops.load_library(core_library_path)
    ~~~~~~~~~~~~~~~~~~~~~~^^^^^^^^^^^^^^^^^^^
  File "C:\Users\rimse\AppData\Roaming\Python\Python314\site-packages\torch\_ops.py", line 1589, in load_library
    raise OSError(f"Could not load this library: {path}") from e
OSError: Could not load this library: C:\Users\rimse\AppData\Roaming\Python\Python314\site-packages\torchcodec\libtorchcodec_core9.dll

FFmpeg version 8:
Traceback (most recent call last):
  File "C:\Users\rimse\AppData\Roaming\Python\Python314\site-packages\torch\_ops.py", line 1587, in load_library
    ctypes.CDLL(path)
    ~~~~~~~~~~~^^^^^^
  File "C:\Python314\Lib\ctypes\__init__.py", line 433, in __init__
    self._handle = self._load_library(name, mode, handle, winmode)
                   ~~~~~~~~~~~~~~~~~~^^^^^^^^^^^^^^^^^^^^^^^^^^^^^
  File "C:\Python314\Lib\ctypes\__init__.py", line 451, in _load_library
    return _LoadLibrary(self._name, winmode)
FileNotFoundError: Could not find module 'C:\Users\rimse\AppData\Roaming\Python\Python314\site-packages\torchcodec\libtorchcodec_core8.dll' (or one of its dependencies). Try using the full path with constructor syntax.

The above exception was the direct cause of the following exception:

Traceback (most recent call last):
  File "C:\Users\rimse\AppData\Roaming\Python\Python314\site-packages\torchcodec\_internally_replaced_utils.py", line 132, in load_core_libraries
    torch.ops.load_library(core_library_path)
    ~~~~~~~~~~~~~~~~~~~~~~^^^^^^^^^^^^^^^^^^^
  File "C:\Users\rimse\AppData\Roaming\Python\Python314\site-packages\torch\_ops.py", line 1589, in load_library
    raise OSError(f"Could not load this library: {path}") from e
OSError: Could not load this library: C:\Users\rimse\AppData\Roaming\Python\Python314\site-packages\torchcodec\libtorchcodec_core8.dll

FFmpeg version 7:
Traceback (most recent call last):
  File "C:\Users\rimse\AppData\Roaming\Python\Python314\site-packages\torch\_ops.py", line 1587, in load_library
    ctypes.CDLL(path)
    ~~~~~~~~~~~^^^^^^
  File "C:\Python314\Lib\ctypes\__init__.py", line 433, in __init__
    self._handle = self._load_library(name, mode, handle, winmode)
                   ~~~~~~~~~~~~~~~~~~^^^^^^^^^^^^^^^^^^^^^^^^^^^^^
  File "C:\Python314\Lib\ctypes\__init__.py", line 451, in _load_library
    return _LoadLibrary(self._name, winmode)
FileNotFoundError: Could not find module 'C:\Users\rimse\AppData\Roaming\Python\Python314\site-packages\torchcodec\libtorchcodec_core7.dll' (or one of its dependencies). Try using the full path with constructor syntax.

The above exception was the direct cause of the following exception:

Traceback (most recent call last):
  File "C:\Users\rimse\AppData\Roaming\Python\Python314\site-packages\torchcodec\_internally_replaced_utils.py", line 132, in load_core_libraries
    torch.ops.load_library(core_library_path)
    ~~~~~~~~~~~~~~~~~~~~~~^^^^^^^^^^^^^^^^^^^
  File "C:\Users\rimse\AppData\Roaming\Python\Python314\site-packages\torch\_ops.py", line 1589, in load_library
    raise OSError(f"Could not load this library: {path}") from e
OSError: Could not load this library: C:\Users\rimse\AppData\Roaming\Python\Python314\site-packages\torchcodec\libtorchcodec_core7.dll

FFmpeg version 6:
Traceback (most recent call last):
  File "C:\Users\rimse\AppData\Roaming\Python\Python314\site-packages\torch\_ops.py", line 1587, in load_library
    ctypes.CDLL(path)
    ~~~~~~~~~~~^^^^^^
  File "C:\Python314\Lib\ctypes\__init__.py", line 433, in __init__
    self._handle = self._load_library(name, mode, handle, winmode)
                   ~~~~~~~~~~~~~~~~~~^^^^^^^^^^^^^^^^^^^^^^^^^^^^^
  File "C:\Python314\Lib\ctypes\__init__.py", line 451, in _load_library
    return _LoadLibrary(self._name, winmode)
FileNotFoundError: Could not find module 'C:\Users\rimse\AppData\Roaming\Python\Python314\site-packages\torchcodec\libtorchcodec_core6.dll' (or one of its dependencies). Try using the full path with constructor syntax.

The above exception was the direct cause of the following exception:

Traceback (most recent call last):
  File "C:\Users\rimse\AppData\Roaming\Python\Python314\site-packages\torchcodec\_internally_replaced_utils.py", line 132, in load_core_libraries
    torch.ops.load_library(core_library_path)
    ~~~~~~~~~~~~~~~~~~~~~~^^^^^^^^^^^^^^^^^^^
  File "C:\Users\rimse\AppData\Roaming\Python\Python314\site-packages\torch\_ops.py", line 1589, in load_library
    raise OSError(f"Could not load this library: {path}") from e
OSError: Could not load this library: C:\Users\rimse\AppData\Roaming\Python\Python314\site-packages\torchcodec\libtorchcodec_core6.dll

FFmpeg version 5:
Traceback (most recent call last):
  File "C:\Users\rimse\AppData\Roaming\Python\Python314\site-packages\torch\_ops.py", line 1587, in load_library
    ctypes.CDLL(path)
    ~~~~~~~~~~~^^^^^^
  File "C:\Python314\Lib\ctypes\__init__.py", line 433, in __init__
    self._handle = self._load_library(name, mode, handle, winmode)
                   ~~~~~~~~~~~~~~~~~~^^^^^^^^^^^^^^^^^^^^^^^^^^^^^
  File "C:\Python314\Lib\ctypes\__init__.py", line 451, in _load_library
    return _LoadLibrary(self._name, winmode)
FileNotFoundError: Could not find module 'C:\Users\rimse\AppData\Roaming\Python\Python314\site-packages\torchcodec\libtorchcodec_core5.dll' (or one of its dependencies). Try using the full path with constructor syntax.

The above exception was the direct cause of the following exception:

Traceback (most recent call last):
  File "C:\Users\rimse\AppData\Roaming\Python\Python314\site-packages\torchcodec\_internally_replaced_utils.py", line 132, in load_core_libraries
    torch.ops.load_library(core_library_path)
    ~~~~~~~~~~~~~~~~~~~~~~^^^^^^^^^^^^^^^^^^^
  File "C:\Users\rimse\AppData\Roaming\Python\Python314\site-packages\torch\_ops.py", line 1589, in load_library
    raise OSError(f"Could not load this library: {path}") from e
OSError: Could not load this library: C:\Users\rimse\AppData\Roaming\Python\Python314\site-packages\torchcodec\libtorchcodec_core5.dll

FFmpeg version 4:
Traceback (most recent call last):
  File "C:\Users\rimse\AppData\Roaming\Python\Python314\site-packages\torch\_ops.py", line 1587, in load_library
    ctypes.CDLL(path)
    ~~~~~~~~~~~^^^^^^
  File "C:\Python314\Lib\ctypes\__init__.py", line 433, in __init__
    self._handle = self._load_library(name, mode, handle, winmode)
                   ~~~~~~~~~~~~~~~~~~^^^^^^^^^^^^^^^^^^^^^^^^^^^^^
  File "C:\Python314\Lib\ctypes\__init__.py", line 451, in _load_library
    return _LoadLibrary(self._name, winmode)
FileNotFoundError: Could not find module 'C:\Users\rimse\AppData\Roaming\Python\Python314\site-packages\torchcodec\libtorchcodec_core4.dll' (or one of its dependencies). Try using the full path with constructor syntax.

The above exception was the direct cause of the following exception:

Traceback (most recent call last):
  File "C:\Users\rimse\AppData\Roaming\Python\Python314\site-packages\torchcodec\_internally_replaced_utils.py", line 132, in load_core_libraries
    torch.ops.load_library(core_library_path)
    ~~~~~~~~~~~~~~~~~~~~~~^^^^^^^^^^^^^^^^^^^
  File "C:\Users\rimse\AppData\Roaming\Python\Python314\site-packages\torch\_ops.py", line 1589, in load_library
    raise OSError(f"Could not load this library: {path}") from e
OSError: Could not load this library: C:\Users\rimse\AppData\Roaming\Python\Python314\site-packages\torchcodec\libtorchcodec_core4.dll
[end of libtorchcodec loading traceback].

The above exception was the direct cause of the following exception:

Traceback (most recent call last):
  File "C:\Users\rimse\Downloads\The-GREAT-SAGE-master\great_sage\server.py", line 828, in _handle_chat
    voice.speak(cap_for_speech(speakable("".join(reply_chunks))))
    ~~~~~~~~~~~^^^^^^^^^^^^^^^^^^^^^^^^^^^^^^^^^^^^^^^^^^^^^^^^^^
  File "C:\Users\rimse\Downloads\The-GREAT-SAGE-master\great_sage\voice\f5_tts_engine.py", line 579, in speak
    self._speak_tts_segment(payload)
    ~~~~~~~~~~~~~~~~~~~~~~~^^^^^^^^^
  File "C:\Users\rimse\Downloads\The-GREAT-SAGE-master\great_sage\voice\f5_tts_engine.py", line 483, in _speak_tts_segment
    samples, rate = self.generate(spoken)
                    ~~~~~~~~~~~~~^^^^^^^^
  File "C:\Users\rimse\Downloads\The-GREAT-SAGE-master\great_sage\voice\f5_tts_engine.py", line 412, in generate
    wav, rate = self._generate_once(pieces[0])
                ~~~~~~~~~~~~~~~~~~~^^^^^^^^^^^
  File "C:\Users\rimse\Downloads\The-GREAT-SAGE-master\great_sage\voice\f5_tts_engine.py", line 392, in _generate_once
    raise VoiceError(f"F5-TTS synthesis failed: {exc}") from exc
great_sage.voice.base.VoiceError: F5-TTS synthesis failed: Failed to create AudioDecoder for C:\Users\rimse\AppData\Local\Temp\tmpp946l4x7.wav: Could not load libtorchcodec. Likely causes:
          1. FFmpeg is not properly installed in your environment. We support
             versions 4, 5, 6, 7, 8, and 9, and we attempt to load libtorchcodec
             for each of those versions. Errors for versions not installed on
             your system are expected; only the error for your installed FFmpeg
             version is relevant. On Windows, ensure you've installed the
             "full-shared" version which ships DLLs.
          2. The PyTorch version (2.14.0+cu130) is not compatible with
             this version of TorchCodec. Refer to the version compatibility
             table:
             https://github.com/pytorch/torchcodec?tab=readme-ov-file#installing-torchcodec.
          3. Another runtime dependency; see exceptions below.

        The following exceptions were raised as we tried to load libtorchcodec:
        
[start of libtorchcodec loading traceback]
FFmpeg version 9:
Traceback (most recent call last):
  File "C:\Users\rimse\AppData\Roaming\Python\Python314\site-packages\torch\_ops.py", line 1587, in load_library
    ctypes.CDLL(path)
    ~~~~~~~~~~~^^^^^^
  File "C:\Python314\Lib\ctypes\__init__.py", line 433, in __init__
    self._handle = self._load_library(name, mode, handle, winmode)
                   ~~~~~~~~~~~~~~~~~~^^^^^^^^^^^^^^^^^^^^^^^^^^^^^
  File "C:\Python314\Lib\ctypes\__init__.py", line 451, in _load_library
    return _LoadLibrary(self._name, winmode)
FileNotFoundError: Could not find module 'C:\Users\rimse\AppData\Roaming\Python\Python314\site-packages\torchcodec\libtorchcodec_core9.dll' (or one of its dependencies). Try using the full path with constructor syntax.

The above exception was the direct cause of the following exception:

Traceback (most recent call last):
  File "C:\Users\rimse\AppData\Roaming\Python\Python314\site-packages\torchcodec\_internally_replaced_utils.py", line 132, in load_core_libraries
    torch.ops.load_library(core_library_path)
    ~~~~~~~~~~~~~~~~~~~~~~^^^^^^^^^^^^^^^^^^^
  File "C:\Users\rimse\AppData\Roaming\Python\Python314\site-packages\torch\_ops.py", line 1589, in load_library
    raise OSError(f"Could not load this library: {path}") from e
OSError: Could not load this library: C:\Users\rimse\AppData\Roaming\Python\Python314\site-packages\torchcodec\libtorchcodec_core9.dll

FFmpeg version 8:
Traceback (most recent call last):
  File "C:\Users\rimse\AppData\Roaming\Python\Python314\site-packages\torch\_ops.py", line 1587, in load_library
    ctypes.CDLL(path)
    ~~~~~~~~~~~^^^^^^
  File "C:\Python314\Lib\ctypes\__init__.py", line 433, in __init__
    self._handle = self._load_library(name, mode, handle, winmode)
                   ~~~~~~~~~~~~~~~~~~^^^^^^^^^^^^^^^^^^^^^^^^^^^^^
  File "C:\Python314\Lib\ctypes\__init__.py", line 451, in _load_library
    return _LoadLibrary(self._name, winmode)
FileNotFoundError: Could not find module 'C:\Users\rimse\AppData\Roaming\Python\Python314\site-packages\torchcodec\libtorchcodec_core8.dll' (or one of its dependencies). Try using the full path with constructor syntax.

The above exception was the direct cause of the following exception:

Traceback (most recent call last):
  File "C:\Users\rimse\AppData\Roaming\Python\Python314\site-packages\torchcodec\_internally_replaced_utils.py", line 132, in load_core_libraries
    torch.ops.load_library(core_library_path)
    ~~~~~~~~~~~~~~~~~~~~~~^^^^^^^^^^^^^^^^^^^
  File "C:\Users\rimse\AppData\Roaming\Python\Python314\site-packages\torch\_ops.py", line 1589, in load_library
    raise OSError(f"Could not load this library: {path}") from e
OSError: Could not load this library: C:\Users\rimse\AppData\Roaming\Python\Python314\site-packages\torchcodec\libtorchcodec_core8.dll

FFmpeg version 7:
Traceback (most recent call last):
  File "C:\Users\rimse\AppData\Roaming\Python\Python314\site-packages\torch\_ops.py", line 1587, in load_library
    ctypes.CDLL(path)
    ~~~~~~~~~~~^^^^^^
  File "C:\Python314\Lib\ctypes\__init__.py", line 433, in __init__
    self._handle = self._load_library(name, mode, handle, winmode)
                   ~~~~~~~~~~~~~~~~~~^^^^^^^^^^^^^^^^^^^^^^^^^^^^^
  File "C:\Python314\Lib\ctypes\__init__.py", line 451, in _load_library
    return _LoadLibrary(self._name, winmode)
FileNotFoundError: Could not find module 'C:\Users\rimse\AppData\Roaming\Python\Python314\site-packages\torchcodec\libtorchcodec_core7.dll' (or one of its dependencies). Try using the full path with constructor syntax.

The above exception was the direct cause of the following exception:

Traceback (most recent call last):
  File "C:\Users\rimse\AppData\Roaming\Python\Python314\site-packages\torchcodec\_internally_replaced_utils.py", line 132, in load_core_libraries
    torch.ops.load_library(core_library_path)
    ~~~~~~~~~~~~~~~~~~~~~~^^^^^^^^^^^^^^^^^^^
  File "C:\Users\rimse\AppData\Roaming\Python\Python314\site-packages\torch\_ops.py", line 1589, in load_library
    raise OSError(f"Could not load this library: {path}") from e
OSError: Could not load this library: C:\Users\rimse\AppData\Roaming\Python\Python314\site-packages\torchcodec\libtorchcodec_core7.dll

FFmpeg version 6:
Traceback (most recent call last):
  File "C:\Users\rimse\AppData\Roaming\Python\Python314\site-packages\torch\_ops.py", line 1587, in load_library
    ctypes.CDLL(path)
    ~~~~~~~~~~~^^^^^^
  File "C:\Python314\Lib\ctypes\__init__.py", line 433, in __init__
    self._handle = self._load_library(name, mode, handle, winmode)
                   ~~~~~~~~~~~~~~~~~~^^^^^^^^^^^^^^^^^^^^^^^^^^^^^
  File "C:\Python314\Lib\ctypes\__init__.py", line 451, in _load_library
    return _LoadLibrary(self._name, winmode)
FileNotFoundError: Could not find module 'C:\Users\rimse\AppData\Roaming\Python\Python314\site-packages\torchcodec\libtorchcodec_core6.dll' (or one of its dependencies). Try using the full path with constructor syntax.

The above exception was the direct cause of the following exception:

Traceback (most recent call last):
  File "C:\Users\rimse\AppData\Roaming\Python\Python314\site-packages\torchcodec\_internally_replaced_utils.py", line 132, in load_core_libraries
    torch.ops.load_library(core_library_path)
    ~~~~~~~~~~~~~~~~~~~~~~^^^^^^^^^^^^^^^^^^^
  File "C:\Users\rimse\AppData\Roaming\Python\Python314\site-packages\torch\_ops.py", line 1589, in load_library
    raise OSError(f"Could not load this library: {path}") from e
OSError: Could not load this library: C:\Users\rimse\AppData\Roaming\Python\Python314\site-packages\torchcodec\libtorchcodec_core6.dll

FFmpeg version 5:
Traceback (most recent call last):
  File "C:\Users\rimse\AppData\Roaming\Python\Python314\site-packages\torch\_ops.py", line 1587, in load_library
    ctypes.CDLL(path)
    ~~~~~~~~~~~^^^^^^
  File "C:\Python314\Lib\ctypes\__init__.py", line 433, in __init__
    self._handle = self._load_library(name, mode, handle, winmode)
                   ~~~~~~~~~~~~~~~~~~^^^^^^^^^^^^^^^^^^^^^^^^^^^^^
  File "C:\Python314\Lib\ctypes\__init__.py", line 451, in _load_library
    return _LoadLibrary(self._name, winmode)
FileNotFoundError: Could not find module 'C:\Users\rimse\AppData\Roaming\Python\Python314\site-packages\torchcodec\libtorchcodec_core5.dll' (or one of its dependencies). Try using the full path with constructor syntax.

The above exception was the direct cause of the following exception:

Traceback (most recent call last):
  File "C:\Users\rimse\AppData\Roaming\Python\Python314\site-packages\torchcodec\_internally_replaced_utils.py", line 132, in load_core_libraries
    torch.ops.load_library(core_library_path)
    ~~~~~~~~~~~~~~~~~~~~~~^^^^^^^^^^^^^^^^^^^
  File "C:\Users\rimse\AppData\Roaming\Python\Python314\site-packages\torch\_ops.py", line 1589, in load_library
    raise OSError(f"Could not load this library: {path}") from e
OSError: Could not load this library: C:\Users\rimse\AppData\Roaming\Python\Python314\site-packages\torchcodec\libtorchcodec_core5.dll

FFmpeg version 4:
Traceback (most recent call last):
  File "C:\Users\rimse\AppData\Roaming\Python\Python314\site-packages\torch\_ops.py", line 1587, in load_library
    ctypes.CDLL(path)
    ~~~~~~~~~~~^^^^^^
  File "C:\Python314\Lib\ctypes\__init__.py", line 433, in __init__
    self._handle = self._load_library(name, mode, handle, winmode)
                   ~~~~~~~~~~~~~~~~~~^^^^^^^^^^^^^^^^^^^^^^^^^^^^^
  File "C:\Python314\Lib\ctypes\__init__.py", line 451, in _load_library
    return _LoadLibrary(self._name, winmode)
FileNotFoundError: Could not find module 'C:\Users\rimse\AppData\Roaming\Python\Python314\site-packages\torchcodec\libtorchcodec_core4.dll' (or one of its dependencies). Try using the full path with constructor syntax.

The above exception was the direct cause of the following exception:

Traceback (most recent call last):
  File "C:\Users\rimse\AppData\Roaming\Python\Python314\site-packages\torchcodec\_internally_replaced_utils.py", line 132, in load_core_libraries
    torch.ops.load_library(core_library_path)
    ~~~~~~~~~~~~~~~~~~~~~~^^^^^^^^^^^^^^^^^^^
  File "C:\Users\rimse\AppData\Roaming\Python\Python314\site-packages\torch\_ops.py", line 1589, in load_library
    raise OSError(f"Could not load this library: {path}") from e
OSError: Could not load this library: C:\Users\rimse\AppData\Roaming\Python\Python314\site-packages\torchcodec\libtorchcodec_core4.dll
[end of libtorchcodec loading traceback].
2026-09-19 23:21:46,669 [INFO] great_sage.core.metrics: timing Hola, ¿cómo estás? | first_token=48.05s  text_done=55.18s  total=60.46s
2026-09-19 23:35:49,791 [INFO] websockets.server: connection closed
2026-09-19 23:35:49,804 [INFO] great_sage.server: Client disconnected
2026-09-20 00:49:31,179 [INFO] great_sage.app: Great Sage starting (frozen=False, base=C:\Users\rimse\The-GREAT-SAGE-master)
2026-09-20 00:49:43,049 [INFO] run_hud: Starting Great Sage HUD
2026-09-20 00:49:45,127 [WARNING] run_hud: VOICE_ENGINE='raphael' isn't supported by the HUD app (only 'pocket' and 'f5' stream audio to the browser) - running text-only.
2026-09-20 00:49:45,139 [INFO] great_sage.server: Autonomy running (0 task(s) restored)
2026-09-20 00:49:45,146 [INFO] great_sage.server: Watching for fullscreen games (auto GAMING mode)
2026-09-20 00:49:45,151 [INFO] great_sage.core.global_hotkey: Global hotkey active: alt+1 (works from any window)
2026-09-20 00:49:45,152 [INFO] great_sage.server: Wake-word listener started (restored from settings)
2026-09-20 00:49:45,228 [INFO] websockets.server: server listening on [::1]:8765
2026-09-20 00:49:45,228 [INFO] websockets.server: server listening on 127.0.0.1:8765
2026-09-20 00:49:45,228 [INFO] great_sage.server: WebSocket bridge listening on ws://localhost:8765
2026-09-20 00:49:49,865 [INFO] websockets.server: connection open
2026-09-20 00:49:49,866 [INFO] great_sage.server: Client connected (::1:62327) ML, like Gecko) Chrome/153.0.0.0 Safari/537.36 Edg/153.0.0.0
2026-09-20 00:49:49,868 [INFO] great_sage.server: Restored 3 saved chat(s)
2026-09-20 00:49:49,869 [INFO] great_sage.server: Mode: COMPANION (model resident=True, hud fps=normal, wake word=True, web=True, online=True)
2026-09-20 00:49:50,743 [INFO] great_sage.server: Client is the hud
2026-09-20 00:49:50,951 [INFO] great_sage.server: Interface sounds ready (12/12)
2026-09-20 00:49:51,055 [INFO] run_hud: Placed window centre at (0,0) size 1924x1055
2026-09-20 00:49:51,077 [INFO] run_hud: Resize border on (style now 0x16050000)
2026-09-20 00:49:51,088 [INFO] run_hud: Host window background set to #070d14 (was the WinForms default, 240,240,240)
2026-09-20 00:49:51,387 [INFO] great_sage.server: Voice key is now alt+1 (works from any window)
2026-09-20 00:49:56,513 [INFO] httpx: HTTP Request: GET https://huggingface.co/api/models/Systran/faster-whisper-base/revision/main "HTTP/1.1 200 OK"
2026-09-20 00:49:57,907 [INFO] faster_whisper: Processing audio with duration 00:00.990
2026-09-20 00:49:58,248 [INFO] faster_whisper: VAD filter removed 00:00.990 of audio
2026-09-20 00:49:58,324 [INFO] great_sage.server: Voice key down: listening (mode COMPANION)
2026-09-20 00:49:59,786 [INFO] faster_whisper: Detected language 'en' with probability 0.57
2026-09-20 00:49:59,816 [WARNING] great_sage.voice.speech_to_text: Transcribed 1.0s of audio but got NO text. Either nothing was said, or the VAD filter rejected it - check that faster_whisper/assets/silero_vad_v6.onnx is present.
2026-09-20 00:50:02,450 [INFO] faster_whisper: Processing audio with duration 00:02.400
2026-09-20 00:50:02,473 [INFO] faster_whisper: VAD filter removed 00:00.000 of audio
2026-09-20 00:50:02,632 [INFO] great_sage.server: Voice key up: transcribing
2026-09-20 00:50:02,686 [INFO] faster_whisper: Processing audio with duration 00:04.238
2026-09-20 00:50:02,730 [INFO] faster_whisper: VAD filter removed 00:01.232 of audio
2026-09-20 00:50:05,673 [INFO] faster_whisper: Detected language 'es' with probability 0.87
2026-09-20 00:50:05,839 [INFO] faster_whisper: Detected language 'es' with probability 0.98
2026-09-20 00:50:09,477 [INFO] great_sage.voice.speech_to_text: Transcribed 2.4s of audio: '¿Cuál es la capital de Capón?'
2026-09-20 00:50:09,489 [INFO] faster_whisper: Processing audio with duration 00:00.960
2026-09-20 00:50:09,496 [INFO] faster_whisper: VAD filter removed 00:00.960 of audio
2026-09-20 00:50:10,190 [INFO] great_sage.voice.speech_to_text: Transcribed 4.2s of audio: '¿Cuál es la capital de Japón?'
2026-09-20 00:50:11,913 [INFO] faster_whisper: Detected language 'en' with probability 0.57
2026-09-20 00:50:11,917 [WARNING] great_sage.voice.speech_to_text: Transcribed 1.0s of audio but got NO text. Either nothing was said, or the VAD filter rejected it - check that faster_whisper/assets/silero_vad_v6.onnx is present.
2026-09-20 00:51:29,892 [INFO] great_sage.core.metrics: timing ¿Cuál es la capital de Japón? | first_token=55.06s  text_done=79.69s  total=79.70s
2026-09-20 00:52:46,010 [INFO] faster_whisper: Processing audio with duration 00:01.410
2026-09-20 00:52:46,053 [INFO] faster_whisper: VAD filter removed 00:00.112 of audio
2026-09-20 00:52:47,957 [INFO] faster_whisper: Detected language 'en' with probability 0.66
2026-09-20 00:52:53,966 [INFO] great_sage.voice.speech_to_text: Transcribed 1.4s of audio: 'Oh no!'
2026-09-20 00:53:24,600 [INFO] websockets.server: connection closed
2026-09-20 00:53:24,607 [INFO] great_sage.server: Client disconnected
2026-09-20 01:11:45,163 [INFO] great_sage.app: Great Sage starting (frozen=False, base=C:\Users\rimse\The-GREAT-SAGE-master)
2026-09-20 01:11:55,911 [INFO] run_hud: Starting Great Sage HUD
2026-09-20 01:11:57,990 [CRITICAL] great_sage.app: Great Sage failed to start:
Traceback (most recent call last):
  File "C:\Users\rimse\The-GREAT-SAGE-master\app.py", line 101, in <module>
    raise SystemExit(main())
                     ~~~~^^
  File "C:\Users\rimse\The-GREAT-SAGE-master\app.py", line 93, in main
    return run_hud.main()
           ~~~~~~~~~~~~^^
  File "C:\Users\rimse\The-GREAT-SAGE-master\run_hud.py", line 661, in main
    voice = _build_voice(provider)
  File "C:\Users\rimse\The-GREAT-SAGE-master\run_hud.py", line 596, in _build_voice
    return RaphaelVoiceOutput()
  File "C:\Users\rimse\The-GREAT-SAGE-master\great_sage\voice\raphael_rvc_engine.py", line 37, in __init__
    self._validate_configuration()
    ~~~~~~~~~~~~~~~~~~~~~~~~~~~~^^
  File "C:\Users\rimse\The-GREAT-SAGE-master\great_sage\voice\raphael_rvc_engine.py", line 54, in _validate_configuration
    "RAPHAEL_PIPER_PYTHON": settings.RAPHAEL_TTS_PYTHON,
                            ^^^^^^^^^^^^^^^^^^^^^^^^^^^
AttributeError: module 'great_sage.config.settings' has no attribute 'RAPHAEL_TTS_PYTHON'. Did you mean: 'RAPHAEL_TTS_PITCH'?

2026-09-20 01:12:45,714 [INFO] great_sage.app: Great Sage starting (frozen=False, base=C:\Users\rimse\The-GREAT-SAGE-master)
2026-09-20 01:12:54,372 [INFO] run_hud: Starting Great Sage HUD
2026-09-20 01:12:56,458 [INFO] great_sage.server: Restored voice FX settings
2026-09-20 01:12:56,466 [INFO] great_sage.server: Autonomy running (0 task(s) restored)
2026-09-20 01:12:56,471 [INFO] great_sage.server: Watching for fullscreen games (auto GAMING mode)
2026-09-20 01:12:56,477 [INFO] great_sage.core.global_hotkey: Global hotkey active: alt+1 (works from any window)
2026-09-20 01:12:56,479 [INFO] great_sage.server: Wake-word listener started (restored from settings)
2026-09-20 01:12:56,556 [INFO] websockets.server: server listening on [::1]:8765
2026-09-20 01:12:56,557 [INFO] websockets.server: server listening on 127.0.0.1:8765
2026-09-20 01:12:56,557 [INFO] great_sage.server: WebSocket bridge listening on ws://localhost:8765
2026-09-20 01:13:00,568 [INFO] websockets.server: connection open
2026-09-20 01:13:00,569 [INFO] great_sage.server: Client connected (::1:50313) ML, like Gecko) Chrome/153.0.0.0 Safari/537.36 Edg/153.0.0.0
2026-09-20 01:13:00,572 [INFO] great_sage.server: Restored 4 saved chat(s)
2026-09-20 01:13:00,573 [INFO] great_sage.server: Mode: COMPANION (model resident=True, hud fps=normal, wake word=True, web=True, online=True)
2026-09-20 01:13:01,402 [INFO] great_sage.server: Client is the hud
2026-09-20 01:13:01,740 [INFO] great_sage.server: Interface sounds ready (12/12)
2026-09-20 01:13:01,901 [INFO] run_hud: Placed window centre at (0,0) size 1924x1055
2026-09-20 01:13:01,923 [INFO] run_hud: Resize border on (style now 0x16050000)
2026-09-20 01:13:01,928 [INFO] run_hud: Host window background set to #070d14 (was the WinForms default, 240,240,240)
2026-09-20 01:13:02,069 [INFO] great_sage.server: Voice key is now alt+1 (works from any window)
2026-09-20 01:14:35,730 [ERROR] great_sage.server: Voice/audio error speaking reply to 'こんにちは'
Traceback (most recent call last):
  File "C:\Users\rimse\The-GREAT-SAGE-master\great_sage\server.py", line 828, in _handle_chat
    voice.speak(cap_for_speech(speakable("".join(reply_chunks))))
    ~~~~~~~~~~~^^^^^^^^^^^^^^^^^^^^^^^^^^^^^^^^^^^^^^^^^^^^^^^^^^
  File "C:\Users\rimse\The-GREAT-SAGE-master\great_sage\voice\raphael_rvc_engine.py", line 193, in speak
    self._synthesize_nanami(spoken, base)
    ~~~~~~~~~~~~~~~~~~~~~~~^^^^^^^^^^^^^^
  File "C:\Users\rimse\The-GREAT-SAGE-master\great_sage\voice\raphael_rvc_engine.py", line 136, in _synthesize_nanami
    self._run(command, label="Japanese TTS (NanamiNeural)")
    ~~~~~~~~~^^^^^^^^^^^^^^^^^^^^^^^^^^^^^^^^^^^^^^^^^^^^^^
  File "C:\Users\rimse\The-GREAT-SAGE-master\great_sage\voice\raphael_rvc_engine.py", line 114, in _run
    raise VoiceError(
    ...<2 lines>...
    )
great_sage.voice.base.VoiceError: Raphael Japanese TTS (NanamiNeural) failed (exit 2).
usage: __main__.py [-h] [-t TEXT] [-f FILE] [-v VOICE] [-l] [--rate RATE]
                   [--volume VOLUME] [--pitch PITCH]
                   [--write-media WRITE_MEDIA]
                   [--write-subtitles WRITE_SUBTITLES] [--proxy PROXY]
                   [--version]
__main__.py: error: argument --rate: expected one argument
2026-09-20 01:14:35,807 [INFO] great_sage.core.metrics: timing こんにちは | first_token=53.61s  text_done=61.46s  total=65.30s
2026-09-20 01:15:02,635 [INFO] websockets.server: connection closed
2026-09-20 01:15:02,649 [INFO] great_sage.server: Client disconnected
2026-09-20 01:15:29,263 [INFO] great_sage.app: Great Sage starting (frozen=False, base=C:\Users\rimse\The-GREAT-SAGE-master)
2026-09-20 01:15:39,266 [INFO] run_hud: Starting Great Sage HUD
2026-09-20 01:15:41,371 [INFO] great_sage.server: Restored voice FX settings
2026-09-20 01:15:41,379 [INFO] great_sage.server: Autonomy running (0 task(s) restored)
2026-09-20 01:15:41,383 [INFO] great_sage.server: Watching for fullscreen games (auto GAMING mode)
2026-09-20 01:15:41,387 [INFO] great_sage.core.global_hotkey: Global hotkey active: alt+1 (works from any window)
2026-09-20 01:15:41,388 [INFO] great_sage.server: Wake-word listener started (restored from settings)
2026-09-20 01:15:41,470 [INFO] websockets.server: server listening on [::1]:8765
2026-09-20 01:15:41,470 [INFO] websockets.server: server listening on 127.0.0.1:8765
2026-09-20 01:15:41,471 [INFO] great_sage.server: WebSocket bridge listening on ws://localhost:8765
2026-09-20 01:15:45,713 [INFO] websockets.server: connection open
2026-09-20 01:15:45,713 [INFO] great_sage.server: Client connected (::1:65297) ML, like Gecko) Chrome/153.0.0.0 Safari/537.36 Edg/153.0.0.0
2026-09-20 01:15:45,716 [INFO] great_sage.server: Restored 5 saved chat(s)
2026-09-20 01:15:45,717 [INFO] great_sage.server: Mode: COMPANION (model resident=True, hud fps=normal, wake word=True, web=True, online=True)
2026-09-20 01:15:46,854 [INFO] great_sage.server: Client is the hud
2026-09-20 01:15:47,379 [INFO] great_sage.server: Interface sounds ready (12/12)
2026-09-20 01:15:47,518 [INFO] great_sage.server: Voice key is now alt+1 (works from any window)
2026-09-20 01:15:47,526 [INFO] run_hud: Placed window centre at (0,0) size 1924x1055
2026-09-20 01:15:47,554 [INFO] run_hud: Resize border on (style now 0x16050000)
2026-09-20 01:15:47,560 [INFO] run_hud: Host window background set to #070d14 (was the WinForms default, 240,240,240)
2026-09-20 01:15:51,186 [INFO] great_sage.server: Voice key down: listening (mode COMPANION)
2026-09-20 01:15:55,846 [INFO] great_sage.server: Voice key up: transcribing
2026-09-20 01:15:59,216 [INFO] httpx: HTTP Request: GET https://huggingface.co/api/models/Systran/faster-whisper-base/revision/main "HTTP/1.1 200 OK"
2026-09-20 01:15:59,217 [INFO] httpx: HTTP Request: GET https://huggingface.co/api/models/Systran/faster-whisper-base/revision/main "HTTP/1.1 200 OK"
2026-09-20 01:16:02,199 [INFO] faster_whisper: Processing audio with duration 00:03.960
2026-09-20 01:16:02,202 [INFO] faster_whisper: Processing audio with duration 00:04.602
2026-09-20 01:16:03,007 [INFO] faster_whisper: VAD filter removed 00:00.000 of audio
2026-09-20 01:16:03,007 [INFO] faster_whisper: VAD filter removed 00:00.624 of audio
2026-09-20 01:16:05,688 [INFO] faster_whisper: Detected language 'es' with probability 0.96
2026-09-20 01:16:06,173 [INFO] faster_whisper: Detected language 'es' with probability 0.94
2026-09-20 01:16:09,193 [INFO] great_sage.voice.speech_to_text: Transcribed 4.0s of audio: 'Hola, ¿cómo estás? ¿Crees poder abrir su hizo el Studio Code?'
2026-09-20 01:16:09,955 [INFO] great_sage.voice.speech_to_text: Transcribed 4.6s of audio: '¡Hola! ¿Cómo estás? ¿Crees poder abrir su hizole Studio Code?'
2026-09-20 01:16:35,479 [INFO] faster_whisper: Processing audio with duration 00:01.890
2026-09-20 01:16:35,495 [INFO] faster_whisper: VAD filter removed 00:01.890 of audio
2026-09-20 01:16:38,346 [INFO] faster_whisper: Detected language 'en' with probability 0.57
2026-09-20 01:16:38,399 [WARNING] great_sage.voice.speech_to_text: Transcribed 1.9s of audio but got NO text. Either nothing was said, or the VAD filter rejected it - check that faster_whisper/assets/silero_vad_v6.onnx is present.
2026-09-20 01:16:39,515 [ERROR] great_sage.server: Voice/audio error speaking reply to '¡Hola! ¿Cómo estás? ¿Crees poder abrir su hizole Studio Code?'
Traceback (most recent call last):
  File "C:\Users\rimse\The-GREAT-SAGE-master\great_sage\server.py", line 828, in _handle_chat
    voice.speak(cap_for_speech(speakable("".join(reply_chunks))))
    ~~~~~~~~~~~^^^^^^^^^^^^^^^^^^^^^^^^^^^^^^^^^^^^^^^^^^^^^^^^^^
  File "C:\Users\rimse\The-GREAT-SAGE-master\great_sage\voice\raphael_rvc_engine.py", line 193, in speak
    self._synthesize_nanami(spoken, base)
    ~~~~~~~~~~~~~~~~~~~~~~~^^^^^^^^^^^^^^
  File "C:\Users\rimse\The-GREAT-SAGE-master\great_sage\voice\raphael_rvc_engine.py", line 136, in _synthesize_nanami
    self._run(command, label="Japanese TTS (NanamiNeural)")
    ~~~~~~~~~^^^^^^^^^^^^^^^^^^^^^^^^^^^^^^^^^^^^^^^^^^^^^^
  File "C:\Users\rimse\The-GREAT-SAGE-master\great_sage\voice\raphael_rvc_engine.py", line 114, in _run
    raise VoiceError(
    ...<2 lines>...
    )
great_sage.voice.base.VoiceError: Raphael Japanese TTS (NanamiNeural) failed (exit 2).
usage: __main__.py [-h] [-t TEXT] [-f FILE] [-v VOICE] [-l] [--rate RATE]
                   [--volume VOLUME] [--pitch PITCH]
                   [--write-media WRITE_MEDIA]
                   [--write-subtitles WRITE_SUBTITLES] [--proxy PROXY]
                   [--version]
__main__.py: error: argument --rate: expected one argument
2026-09-20 01:16:39,763 [INFO] great_sage.core.metrics: timing ¡Hola! ¿Cómo estás? ¿Crees poder abrir su hizole | first_token=8.83s  text_done=24.11s  total=29.79s
2026-09-20 01:17:23,931 [INFO] websockets.server: connection closed
2026-09-20 01:17:23,940 [INFO] great_sage.server: Client disconnected
2026-09-20 01:18:01,422 [INFO] great_sage.app: Great Sage starting (frozen=False, base=C:\Users\rimse\The-GREAT-SAGE-master)
2026-09-20 01:18:12,489 [INFO] run_hud: Starting Great Sage HUD
2026-09-20 01:18:14,578 [INFO] great_sage.server: Restored voice FX settings
2026-09-20 01:18:14,585 [INFO] great_sage.server: Autonomy running (0 task(s) restored)
2026-09-20 01:18:14,590 [INFO] great_sage.server: Watching for fullscreen games (auto GAMING mode)
2026-09-20 01:18:14,593 [INFO] great_sage.core.global_hotkey: Global hotkey active: alt+1 (works from any window)
2026-09-20 01:18:14,595 [INFO] great_sage.server: Wake-word listener started (restored from settings)
2026-09-20 01:18:14,668 [INFO] websockets.server: server listening on [::1]:8765
2026-09-20 01:18:14,668 [INFO] websockets.server: server listening on 127.0.0.1:8765
2026-09-20 01:18:14,668 [INFO] great_sage.server: WebSocket bridge listening on ws://localhost:8765
2026-09-20 01:18:20,940 [INFO] websockets.server: connection open
2026-09-20 01:18:20,941 [INFO] great_sage.server: Client connected (::1:56638) ML, like Gecko) Chrome/153.0.0.0 Safari/537.36 Edg/153.0.0.0
2026-09-20 01:18:20,944 [INFO] great_sage.server: Restored 6 saved chat(s)
2026-09-20 01:18:20,945 [INFO] great_sage.server: Mode: COMPANION (model resident=True, hud fps=normal, wake word=True, web=True, online=True)
2026-09-20 01:18:22,185 [INFO] great_sage.server: Client is the hud
2026-09-20 01:18:22,444 [INFO] great_sage.server: Interface sounds ready (12/12)
2026-09-20 01:18:22,614 [INFO] run_hud: Placed window centre at (0,0) size 1924x1055
2026-09-20 01:18:22,627 [INFO] run_hud: Resize border on (style now 0x16050000)
2026-09-20 01:18:22,633 [INFO] run_hud: Host window background set to #070d14 (was the WinForms default, 240,240,240)
2026-09-20 01:18:22,853 [INFO] great_sage.server: Voice key is now alt+1 (works from any window)
2026-09-20 01:18:29,206 [INFO] great_sage.server: Voice key down: listening (mode COMPANION)
2026-09-20 01:18:34,436 [INFO] httpx: HTTP Request: GET https://huggingface.co/api/models/Systran/faster-whisper-base/revision/main "HTTP/1.1 200 OK"
2026-09-20 01:18:34,552 [INFO] great_sage.server: Voice key up: transcribing
2026-09-20 01:18:34,772 [INFO] httpx: HTTP Request: GET https://huggingface.co/api/models/Systran/faster-whisper-base/revision/main "HTTP/1.1 200 OK"
2026-09-20 01:18:36,912 [INFO] faster_whisper: Processing audio with duration 00:01.530
2026-09-20 01:18:36,913 [INFO] faster_whisper: Processing audio with duration 00:05.278
2026-09-20 01:18:37,504 [INFO] faster_whisper: VAD filter removed 00:00.000 of audio
2026-09-20 01:18:37,508 [INFO] faster_whisper: VAD filter removed 00:00.368 of audio
2026-09-20 01:18:40,075 [INFO] faster_whisper: Detected language 'es' with probability 0.97
2026-09-20 01:18:40,225 [INFO] faster_whisper: Detected language 'es' with probability 0.97
2026-09-20 01:18:43,567 [INFO] great_sage.voice.speech_to_text: Transcribed 1.5s of audio: 'Hola, ¿cómo estás?'
2026-09-20 01:18:43,601 [INFO] great_sage.voice.speech_to_text: Transcribed 5.3s of audio: 'Hola, ¿Cómo estás? ¿Crees poder abrirme Visual Studio Code?'
2026-09-20 01:18:43,673 [INFO] faster_whisper: Processing audio with duration 00:03.000
2026-09-20 01:18:43,696 [INFO] faster_whisper: VAD filter removed 00:00.000 of audio
2026-09-20 01:18:45,705 [INFO] faster_whisper: Detected language 'es' with probability 0.69
2026-09-20 01:18:48,456 [INFO] great_sage.voice.speech_to_text: Transcribed 3.0s of audio: 'que eres poder abrirme Visual Studio Code.'
2026-09-20 01:19:05,103 [ERROR] great_sage.server: Voice/audio error speaking reply to 'Hola, ¿Cómo estás? ¿Crees poder abrirme Visual Studio Code?'
Traceback (most recent call last):
  File "C:\Users\rimse\The-GREAT-SAGE-master\great_sage\server.py", line 828, in _handle_chat
    voice.speak(cap_for_speech(speakable("".join(reply_chunks))))
    ~~~~~~~~~~~^^^^^^^^^^^^^^^^^^^^^^^^^^^^^^^^^^^^^^^^^^^^^^^^^^
  File "C:\Users\rimse\The-GREAT-SAGE-master\great_sage\voice\raphael_rvc_engine.py", line 193, in speak
    self._synthesize_nanami(spoken, base)
    ~~~~~~~~~~~~~~~~~~~~~~~^^^^^^^^^^^^^^
  File "C:\Users\rimse\The-GREAT-SAGE-master\great_sage\voice\raphael_rvc_engine.py", line 136, in _synthesize_nanami
    self._run(command, label="Japanese TTS (NanamiNeural)")
    ~~~~~~~~~^^^^^^^^^^^^^^^^^^^^^^^^^^^^^^^^^^^^^^^^^^^^^^
  File "C:\Users\rimse\The-GREAT-SAGE-master\great_sage\voice\raphael_rvc_engine.py", line 114, in _run
    raise VoiceError(
    ...<2 lines>...
    )
great_sage.voice.base.VoiceError: Raphael Japanese TTS (NanamiNeural) failed (exit 2).
usage: __main__.py [-h] [-t TEXT] [-f FILE] [-v VOICE] [-l] [--rate RATE]
                   [--volume VOLUME] [--pitch PITCH]
                   [--write-media WRITE_MEDIA]
                   [--write-subtitles WRITE_SUBTITLES] [--proxy PROXY]
                   [--version]
__main__.py: error: unrecognized arguments: -5% +0Hz
2026-09-20 01:19:05,158 [INFO] great_sage.core.metrics: timing Hola, ¿Cómo estás? ¿Crees poder abrirme Visual S | first_token=10.16s  text_done=18.63s  total=21.55s
2026-09-20 01:19:37,120 [INFO] websockets.server: connection closed
2026-09-20 01:19:37,127 [INFO] great_sage.server: Client disconnected
2026-09-20 01:20:42,906 [INFO] great_sage.app: Great Sage starting (frozen=False, base=C:\Users\rimse\The-GREAT-SAGE-master)
2026-09-20 01:20:52,775 [INFO] run_hud: Starting Great Sage HUD
2026-09-20 01:20:54,856 [INFO] great_sage.server: Restored voice FX settings
2026-09-20 01:20:54,862 [INFO] great_sage.server: Autonomy running (0 task(s) restored)
2026-09-20 01:20:54,866 [INFO] great_sage.server: Watching for fullscreen games (auto GAMING mode)
2026-09-20 01:20:54,869 [INFO] great_sage.core.global_hotkey: Global hotkey active: alt+1 (works from any window)
2026-09-20 01:20:54,870 [INFO] great_sage.server: Wake-word listener started (restored from settings)
2026-09-20 01:20:54,944 [INFO] websockets.server: server listening on 127.0.0.1:8765
2026-09-20 01:20:54,944 [INFO] websockets.server: server listening on [::1]:8765
2026-09-20 01:20:54,944 [INFO] great_sage.server: WebSocket bridge listening on ws://localhost:8765
2026-09-20 01:20:59,937 [INFO] websockets.server: connection open
2026-09-20 01:20:59,937 [INFO] great_sage.server: Client connected (::1:53732) ML, like Gecko) Chrome/153.0.0.0 Safari/537.36 Edg/153.0.0.0
2026-09-20 01:20:59,941 [INFO] great_sage.server: Restored 7 saved chat(s)
2026-09-20 01:20:59,941 [INFO] great_sage.server: Mode: COMPANION (model resident=True, hud fps=normal, wake word=True, web=True, online=True)
2026-09-20 01:21:01,014 [INFO] great_sage.server: Client is the hud
2026-09-20 01:21:01,269 [INFO] great_sage.server: Interface sounds ready (12/12)
2026-09-20 01:21:01,409 [INFO] run_hud: Placed window centre at (0,0) size 1924x1055
2026-09-20 01:21:01,418 [INFO] run_hud: Resize border on (style now 0x16050000)
2026-09-20 01:21:01,427 [INFO] run_hud: Host window background set to #070d14 (was the WinForms default, 240,240,240)
2026-09-20 01:21:01,658 [INFO] great_sage.server: Voice key is now alt+1 (works from any window)
2026-09-20 01:21:06,988 [INFO] great_sage.server: Voice key down: listening (mode COMPANION)
2026-09-20 01:21:10,641 [INFO] great_sage.server: Voice key up: transcribing
2026-09-20 01:21:13,915 [INFO] httpx: HTTP Request: GET https://huggingface.co/api/models/Systran/faster-whisper-base/revision/main "HTTP/1.1 200 OK"
2026-09-20 01:21:13,917 [INFO] httpx: HTTP Request: GET https://huggingface.co/api/models/Systran/faster-whisper-base/revision/main "HTTP/1.1 200 OK"
2026-09-20 01:21:16,165 [INFO] faster_whisper: Processing audio with duration 00:03.330
2026-09-20 01:21:16,169 [INFO] faster_whisper: Processing audio with duration 00:03.588
2026-09-20 01:21:16,522 [INFO] faster_whisper: VAD filter removed 00:00.000 of audio
2026-09-20 01:21:16,525 [INFO] faster_whisper: VAD filter removed 00:00.304 of audio
2026-09-20 01:21:19,170 [INFO] faster_whisper: Detected language 'es' with probability 0.85
2026-09-20 01:21:19,247 [INFO] faster_whisper: Detected language 'es' with probability 0.77
2026-09-20 01:21:22,612 [INFO] great_sage.voice.speech_to_text: Transcribed 3.3s of audio: 'Hola, ¿crees poder abrirme piso al Studio Code?'
2026-09-20 01:21:22,614 [INFO] great_sage.voice.speech_to_text: Transcribed 3.6s of audio: 'Hola, ¿crees poder abrirme Visual Studio Code?'
2026-09-20 01:22:35,409 [ERROR] great_sage.server: Voice/audio error speaking reply to 'Hola, ¿crees poder abrirme Visual Studio Code?'
Traceback (most recent call last):
  File "C:\Users\rimse\The-GREAT-SAGE-master\great_sage\server.py", line 828, in _handle_chat
    voice.speak(cap_for_speech(speakable("".join(reply_chunks))))
    ~~~~~~~~~~~^^^^^^^^^^^^^^^^^^^^^^^^^^^^^^^^^^^^^^^^^^^^^^^^^^
  File "C:\Users\rimse\The-GREAT-SAGE-master\great_sage\voice\raphael_rvc_engine.py", line 194, in speak
    self._convert_raphael(base, converted)
    ~~~~~~~~~~~~~~~~~~~~~^^^^^^^^^^^^^^^^^
  File "C:\Users\rimse\The-GREAT-SAGE-master\great_sage\voice\raphael_rvc_engine.py", line 166, in _convert_raphael
    self._run(
    ~~~~~~~~~^
        command,
        ^^^^^^^^
    ...<2 lines>...
        label="Raphael RVC conversion",
        ^^^^^^^^^^^^^^^^^^^^^^^^^^^^^^^
    )
    ^
  File "C:\Users\rimse\The-GREAT-SAGE-master\great_sage\voice\raphael_rvc_engine.py", line 114, in _run
    raise VoiceError(
    ...<2 lines>...
    )
great_sage.voice.base.VoiceError: Raphael Raphael RVC conversion failed (exit 2).
Usage: core.py infer [OPTIONS]
Try 'core.py infer --help' for help.

Error: No such option: -2
2026-09-20 01:22:35,498 [INFO] great_sage.core.metrics: timing Hola, ¿crees poder abrirme Visual Studio Code? | first_token=7.94s  text_done=17.20s  total=72.86s
2026-09-20 01:23:06,717 [INFO] websockets.server: connection closed
2026-09-20 01:23:06,728 [INFO] great_sage.server: Client disconnected
2026-09-20 01:24:14,956 [INFO] great_sage.app: Great Sage starting (frozen=False, base=C:\Users\rimse\The-GREAT-SAGE-master)
2026-09-20 01:24:25,485 [INFO] run_hud: Starting Great Sage HUD
2026-09-20 01:24:27,572 [INFO] great_sage.server: Restored voice FX settings
2026-09-20 01:24:27,578 [INFO] great_sage.server: Autonomy running (0 task(s) restored)
2026-09-20 01:24:27,582 [INFO] great_sage.server: Watching for fullscreen games (auto GAMING mode)
2026-09-20 01:24:27,585 [INFO] great_sage.core.global_hotkey: Global hotkey active: alt+1 (works from any window)
2026-09-20 01:24:27,586 [INFO] great_sage.server: Wake-word listener started (restored from settings)
2026-09-20 01:24:27,658 [INFO] websockets.server: server listening on [::1]:8765
2026-09-20 01:24:27,658 [INFO] websockets.server: server listening on 127.0.0.1:8765
2026-09-20 01:24:27,658 [INFO] great_sage.server: WebSocket bridge listening on ws://localhost:8765
2026-09-20 01:24:32,583 [INFO] websockets.server: connection open
2026-09-20 01:24:32,584 [INFO] great_sage.server: Client connected (::1:60129) ML, like Gecko) Chrome/153.0.0.0 Safari/537.36 Edg/153.0.0.0
2026-09-20 01:24:32,588 [INFO] great_sage.server: Restored 8 saved chat(s)
2026-09-20 01:24:32,588 [INFO] great_sage.server: Mode: COMPANION (model resident=True, hud fps=normal, wake word=True, web=True, online=True)
2026-09-20 01:24:33,588 [INFO] great_sage.server: Client is the hud
2026-09-20 01:24:33,890 [INFO] great_sage.server: Interface sounds ready (12/12)
2026-09-20 01:24:34,010 [INFO] run_hud: Placed window centre at (0,0) size 1924x1055
2026-09-20 01:24:34,032 [INFO] run_hud: Resize border on (style now 0x16050000)
2026-09-20 01:24:34,040 [INFO] run_hud: Host window background set to #070d14 (was the WinForms default, 240,240,240)
2026-09-20 01:24:34,350 [INFO] great_sage.server: Voice key is now alt+1 (works from any window)
2026-09-20 01:24:37,427 [INFO] great_sage.server: Voice key down: listening (mode COMPANION)
2026-09-20 01:24:40,848 [INFO] great_sage.server: Voice key up: transcribing
2026-09-20 01:24:43,956 [INFO] httpx: HTTP Request: GET https://huggingface.co/api/models/Systran/faster-whisper-base/revision/main "HTTP/1.1 200 OK"
2026-09-20 01:24:43,957 [INFO] httpx: HTTP Request: GET https://huggingface.co/api/models/Systran/faster-whisper-base/revision/main "HTTP/1.1 200 OK"
2026-09-20 01:24:46,500 [INFO] faster_whisper: Processing audio with duration 00:03.354
2026-09-20 01:24:46,501 [INFO] faster_whisper: Processing audio with duration 00:02.700
2026-09-20 01:24:46,892 [INFO] faster_whisper: VAD filter removed 00:00.336 of audio
2026-09-20 01:24:46,893 [INFO] faster_whisper: VAD filter removed 00:00.000 of audio
2026-09-20 01:24:49,568 [INFO] faster_whisper: Detected language 'es' with probability 0.97
2026-09-20 01:24:49,667 [INFO] faster_whisper: Detected language 'es' with probability 0.95
2026-09-20 01:24:52,815 [INFO] great_sage.voice.speech_to_text: Transcribed 3.4s of audio: 'Hola, ¿puedes decirme que ahora es?'
2026-09-20 01:24:52,992 [INFO] great_sage.voice.speech_to_text: Transcribed 2.7s of audio: '¡Hola! ¿Puedes decirme que ahora es?'
2026-09-20 01:24:53,007 [INFO] faster_whisper: Processing audio with duration 00:00.930
2026-09-20 01:24:53,014 [INFO] faster_whisper: VAD filter removed 00:00.000 of audio
2026-09-20 01:24:54,619 [INFO] faster_whisper: Detected language 'en' with probability 0.60
2026-09-20 01:24:56,865 [WARNING] great_sage.voice.speech_to_text: Transcribed 0.9s of audio but got NO text. Either nothing was said, or the VAD filter rejected it - check that faster_whisper/assets/silero_vad_v6.onnx is present.
2026-09-20 01:25:04,873 [INFO] faster_whisper: Processing audio with duration 00:01.650
2026-09-20 01:25:04,887 [INFO] faster_whisper: VAD filter removed 00:01.650 of audio
2026-09-20 01:25:07,808 [INFO] faster_whisper: Detected language 'en' with probability 0.57
2026-09-20 01:25:07,830 [WARNING] great_sage.voice.speech_to_text: Transcribed 1.6s of audio but got NO text. Either nothing was said, or the VAD filter rejected it - check that faster_whisper/assets/silero_vad_v6.onnx is present.
2026-09-20 01:26:12,132 [ERROR] great_sage.server: Voice/audio error speaking reply to 'Hola, ¿puedes decirme que ahora es?'
Traceback (most recent call last):
  File "C:\Users\rimse\The-GREAT-SAGE-master\great_sage\server.py", line 828, in _handle_chat
    voice.speak(cap_for_speech(speakable("".join(reply_chunks))))
    ~~~~~~~~~~~^^^^^^^^^^^^^^^^^^^^^^^^^^^^^^^^^^^^^^^^^^^^^^^^^^
  File "C:\Users\rimse\The-GREAT-SAGE-master\great_sage\voice\raphael_rvc_engine.py", line 193, in speak
    self._convert_raphael(base, converted)
    ~~~~~~~~~~~~~~~~~~~~~^^^^^^^^^^^^^^^^^
  File "C:\Users\rimse\The-GREAT-SAGE-master\great_sage\voice\raphael_rvc_engine.py", line 165, in _convert_raphael
    self._run(
    ~~~~~~~~~^
        command,
        ^^^^^^^^
    ...<2 lines>...
        label="Raphael RVC conversion",
        ^^^^^^^^^^^^^^^^^^^^^^^^^^^^^^^
    )
    ^
  File "C:\Users\rimse\The-GREAT-SAGE-master\great_sage\voice\raphael_rvc_engine.py", line 114, in _run
    raise VoiceError(
    ...<2 lines>...
    )
great_sage.voice.base.VoiceError: Raphael Raphael RVC conversion failed (exit 1).
ty\Applio\env\Lib\site-packages\click\core.py", line 788, in invoke
    return __callback(*args, **kwargs)
           ^^^^^^^^^^^^^^^^^^^^^^^^^^^
  File "C:\Users\rimse\The-GREAT-SAGE-master\third_party\Applio\core.py", line 942, in infer
    result = run_infer_script(**kwargs)
             ^^^^^^^^^^^^^^^^^^^^^^^^^^
  File "C:\Users\rimse\The-GREAT-SAGE-master\third_party\Applio\core.py", line 177, in run_infer_script
    infer_pipeline = import_voice_converter()
                     ^^^^^^^^^^^^^^^^^^^^^^^^
  File "C:\Users\rimse\The-GREAT-SAGE-master\third_party\Applio\core.py", line 42, in import_voice_converter
    from rvc.infer.infer import VoiceConverter
  File "C:\Users\rimse\The-GREAT-SAGE-master\third_party\Applio\rvc\infer\infer.py", line 28, in <module>
    import rvc.lib.zluda  # sets MIOPEN_FIND_MODE on AMD; must land before the first conv
    ^^^^^^^^^^^^^^^^^^^^
  File "C:\Users\rimse\The-GREAT-SAGE-master\third_party\Applio\rvc\lib\zluda.py", line 3, in <module>
    if torch.cuda.is_available() and torch.cuda.get_device_name().endswith("[ZLUDA]"):
                                     ^^^^^^^^^^^^^^^^^^^^^^^^^^^^
  File "C:\Users\rimse\The-GREAT-SAGE-master\third_party\Applio\env\Lib\site-packages\torch\cuda\__init__.py", line 653, in get_device_name
    return get_device_properties(device).name
           ^^^^^^^^^^^^^^^^^^^^^^^^^^^^^
  File "C:\Users\rimse\The-GREAT-SAGE-master\third_party\Applio\env\Lib\site-packages\torch\cuda\__init__.py", line 689, in get_device_properties
    raise AssertionError("Invalid device id")
AssertionError: Invalid device id
2026-09-20 01:26:12,203 [INFO] great_sage.core.metrics: timing Hola, ¿puedes decirme que ahora es? | first_token=9.19s  text_done=23.78s  total=79.28s
2026-09-20 01:30:40,067 [INFO] faster_whisper: Processing audio with duration 00:01.410
2026-09-20 01:30:40,116 [INFO] faster_whisper: VAD filter removed 00:01.410 of audio
2026-09-20 01:30:41,679 [INFO] faster_whisper: Detected language 'en' with probability 0.57
2026-09-20 01:30:41,702 [WARNING] great_sage.voice.speech_to_text: Transcribed 1.4s of audio but got NO text. Either nothing was said, or the VAD filter rejected it - check that faster_whisper/assets/silero_vad_v6.onnx is present.
2026-09-20 01:30:41,887 [INFO] faster_whisper: Processing audio with duration 00:01.710
2026-09-20 01:30:41,897 [INFO] faster_whisper: VAD filter removed 00:01.710 of audio
2026-09-20 01:30:43,329 [INFO] faster_whisper: Detected language 'en' with probability 0.57
2026-09-20 01:30:43,332 [WARNING] great_sage.voice.speech_to_text: Transcribed 1.7s of audio but got NO text. Either nothing was said, or the VAD filter rejected it - check that faster_whisper/assets/silero_vad_v6.onnx is present.
2026-09-20 01:30:43,334 [INFO] faster_whisper: Processing audio with duration 00:00.780
2026-09-20 01:30:43,344 [INFO] faster_whisper: VAD filter removed 00:00.780 of audio
2026-09-20 01:30:44,688 [INFO] faster_whisper: Detected language 'en' with probability 0.57
2026-09-20 01:30:44,692 [WARNING] great_sage.voice.speech_to_text: Transcribed 0.8s of audio but got NO text. Either nothing was said, or the VAD filter rejected it - check that faster_whisper/assets/silero_vad_v6.onnx is present.
2026-09-20 01:30:46,119 [INFO] faster_whisper: Processing audio with duration 00:01.410
2026-09-20 01:30:46,124 [INFO] faster_whisper: VAD filter removed 00:01.410 of audio
2026-09-20 01:30:47,403 [INFO] faster_whisper: Detected language 'en' with probability 0.57
2026-09-20 01:30:47,405 [WARNING] great_sage.voice.speech_to_text: Transcribed 1.4s of audio but got NO text. Either nothing was said, or the VAD filter rejected it - check that faster_whisper/assets/silero_vad_v6.onnx is present.
2026-09-20 01:30:48,787 [INFO] faster_whisper: Processing audio with duration 00:01.770
2026-09-20 01:30:48,794 [INFO] faster_whisper: VAD filter removed 00:01.770 of audio
2026-09-20 01:30:50,292 [INFO] faster_whisper: Detected language 'en' with probability 0.57
2026-09-20 01:30:50,298 [WARNING] great_sage.voice.speech_to_text: Transcribed 1.8s of audio but got NO text. Either nothing was said, or the VAD filter rejected it - check that faster_whisper/assets/silero_vad_v6.onnx is present.
2026-09-20 01:30:50,299 [INFO] faster_whisper: Processing audio with duration 00:00.750
2026-09-20 01:30:50,304 [INFO] faster_whisper: VAD filter removed 00:00.750 of audio
2026-09-20 01:30:51,808 [INFO] faster_whisper: Detected language 'en' with probability 0.57
2026-09-20 01:30:51,813 [WARNING] great_sage.voice.speech_to_text: Transcribed 0.8s of audio but got NO text. Either nothing was said, or the VAD filter rejected it - check that faster_whisper/assets/silero_vad_v6.onnx is present.
2026-09-20 01:31:26,060 [INFO] websockets.server: connection closed
2026-09-20 01:31:26,070 [INFO] great_sage.server: Client disconnected
2026-09-20 01:48:57,433 [INFO] great_sage.app: Great Sage starting (frozen=False, base=C:\Users\rimse\The-GREAT-SAGE-master)
2026-09-20 01:49:08,022 [INFO] run_hud: Starting Great Sage HUD
2026-09-20 01:49:10,130 [INFO] great_sage.server: Restored voice FX settings
2026-09-20 01:49:10,135 [INFO] great_sage.server: Autonomy running (0 task(s) restored)
2026-09-20 01:49:10,139 [INFO] great_sage.server: Watching for fullscreen games (auto GAMING mode)
2026-09-20 01:49:10,143 [INFO] great_sage.core.global_hotkey: Global hotkey active: alt+1 (works from any window)
2026-09-20 01:49:10,145 [INFO] great_sage.server: Wake-word listener started (restored from settings)
2026-09-20 01:49:10,216 [INFO] websockets.server: server listening on 127.0.0.1:8765
2026-09-20 01:49:10,216 [INFO] websockets.server: server listening on [::1]:8765
2026-09-20 01:49:10,216 [INFO] great_sage.server: WebSocket bridge listening on ws://localhost:8765
2026-09-20 01:49:14,369 [INFO] websockets.server: connection open
2026-09-20 01:49:14,369 [INFO] great_sage.server: Client connected (::1:61736) ML, like Gecko) Chrome/153.0.0.0 Safari/537.36 Edg/153.0.0.0
2026-09-20 01:49:14,373 [INFO] great_sage.server: Restored 9 saved chat(s)
2026-09-20 01:49:14,373 [INFO] great_sage.server: Mode: COMPANION (model resident=True, hud fps=normal, wake word=True, web=True, online=True)
2026-09-20 01:49:15,201 [INFO] great_sage.server: Client is the hud
2026-09-20 01:49:15,520 [INFO] great_sage.server: Interface sounds ready (12/12)
2026-09-20 01:49:15,710 [INFO] run_hud: Placed window centre at (0,0) size 1924x1055
2026-09-20 01:49:15,729 [INFO] run_hud: Resize border on (style now 0x16050000)
2026-09-20 01:49:15,733 [INFO] run_hud: Host window background set to #070d14 (was the WinForms default, 240,240,240)
2026-09-20 01:49:15,897 [INFO] great_sage.server: Voice key is now alt+1 (works from any window)
2026-09-20 01:49:20,227 [INFO] great_sage.server: Voice key down: listening (mode COMPANION)
2026-09-20 01:49:25,260 [INFO] great_sage.server: Voice key up: transcribing
2026-09-20 01:49:27,788 [INFO] httpx: HTTP Request: GET https://huggingface.co/api/models/Systran/faster-whisper-base/revision/main "HTTP/1.1 200 OK"
2026-09-20 01:49:27,790 [INFO] httpx: HTTP Request: GET https://huggingface.co/api/models/Systran/faster-whisper-base/revision/main "HTTP/1.1 200 OK"
2026-09-20 01:49:29,702 [INFO] faster_whisper: Processing audio with duration 00:03.480
2026-09-20 01:49:29,704 [INFO] faster_whisper: Processing audio with duration 00:05.018
2026-09-20 01:49:30,064 [INFO] faster_whisper: VAD filter removed 00:00.000 of audio
2026-09-20 01:49:30,067 [INFO] faster_whisper: VAD filter removed 00:00.976 of audio
2026-09-20 01:49:32,285 [INFO] faster_whisper: Detected language 'es' with probability 0.99
2026-09-20 01:49:32,298 [INFO] faster_whisper: Detected language 'es' with probability 0.99
2026-09-20 01:49:34,948 [INFO] great_sage.voice.speech_to_text: Transcribed 5.0s of audio: 'Hola, ¿puedes abrir Visual Studio Code?'
2026-09-20 01:49:34,964 [INFO] great_sage.voice.speech_to_text: Transcribed 3.5s of audio: 'Hola, puedes abrir Visual Studio Code.'
2026-09-20 01:50:37,357 [INFO] faster_whisper: Processing audio with duration 00:01.590
2026-09-20 01:50:37,404 [INFO] faster_whisper: VAD filter removed 00:00.000 of audio
2026-09-20 01:50:39,352 [INFO] faster_whisper: Detected language 'en' with probability 0.52
2026-09-20 01:50:41,752 [INFO] great_sage.voice.speech_to_text: Transcribed 1.6s of audio: 'Oh'
2026-09-20 01:51:40,125 [INFO] faster_whisper: Processing audio with duration 00:01.980
2026-09-20 01:51:40,581 [INFO] faster_whisper: VAD filter removed 00:01.980 of audio
2026-09-20 01:51:44,298 [INFO] faster_whisper: Detected language 'en' with probability 0.57
2026-09-20 01:51:44,355 [WARNING] great_sage.voice.speech_to_text: Transcribed 2.0s of audio but got NO text. Either nothing was said, or the VAD filter rejected it - check that faster_whisper/assets/silero_vad_v6.onnx is present.
2026-09-20 01:51:44,451 [INFO] faster_whisper: Processing audio with duration 00:01.440
2026-09-20 01:51:44,498 [INFO] faster_whisper: VAD filter removed 00:01.440 of audio
2026-09-20 01:51:48,799 [INFO] faster_whisper: Detected language 'en' with probability 0.57
2026-09-20 01:51:48,807 [WARNING] great_sage.voice.speech_to_text: Transcribed 1.4s of audio but got NO text. Either nothing was said, or the VAD filter rejected it - check that faster_whisper/assets/silero_vad_v6.onnx is present.
2026-09-20 01:51:48,812 [INFO] faster_whisper: Processing audio with duration 00:00.780
2026-09-20 01:51:48,821 [INFO] faster_whisper: VAD filter removed 00:00.780 of audio
2026-09-20 01:51:53,030 [INFO] faster_whisper: Detected language 'en' with probability 0.57
2026-09-20 01:51:53,033 [WARNING] great_sage.voice.speech_to_text: Transcribed 0.8s of audio but got NO text. Either nothing was said, or the VAD filter rejected it - check that faster_whisper/assets/silero_vad_v6.onnx is present.
2026-09-20 01:51:53,037 [INFO] faster_whisper: Processing audio with duration 00:01.470
2026-09-20 01:51:53,065 [INFO] faster_whisper: VAD filter removed 00:01.470 of audio
2026-09-20 01:51:58,414 [INFO] faster_whisper: Detected language 'en' with probability 0.57
2026-09-20 01:51:58,422 [WARNING] great_sage.voice.speech_to_text: Transcribed 1.5s of audio but got NO text. Either nothing was said, or the VAD filter rejected it - check that faster_whisper/assets/silero_vad_v6.onnx is present.
2026-09-20 01:51:58,425 [INFO] faster_whisper: Processing audio with duration 00:00.780
2026-09-20 01:51:58,435 [INFO] faster_whisper: VAD filter removed 00:00.780 of audio
2026-09-20 01:52:01,857 [INFO] faster_whisper: Detected language 'en' with probability 0.57
2026-09-20 01:52:01,863 [WARNING] great_sage.voice.speech_to_text: Transcribed 0.8s of audio but got NO text. Either nothing was said, or the VAD filter rejected it - check that faster_whisper/assets/silero_vad_v6.onnx is present.
2026-09-20 01:52:01,868 [INFO] faster_whisper: Processing audio with duration 00:01.140
2026-09-20 01:52:01,884 [INFO] faster_whisper: VAD filter removed 00:01.140 of audio
2026-09-20 01:52:06,140 [INFO] faster_whisper: Detected language 'en' with probability 0.57
2026-09-20 01:52:06,150 [WARNING] great_sage.voice.speech_to_text: Transcribed 1.1s of audio but got NO text. Either nothing was said, or the VAD filter rejected it - check that faster_whisper/assets/silero_vad_v6.onnx is present.
2026-09-20 01:52:18,594 [INFO] great_sage.core.metrics: timing Hola, ¿puedes abrir Visual Studio Code? | first_token=48.35s  text_done=53.27s  total=163.64s
2026-09-20 01:53:53,083 [INFO] faster_whisper: Processing audio with duration 00:01.200
2026-09-20 01:53:53,167 [INFO] faster_whisper: VAD filter removed 00:00.000 of audio
2026-09-20 01:53:54,751 [INFO] faster_whisper: Detected language 'ar' with probability 0.40
2026-09-20 01:54:05,259 [INFO] great_sage.voice.speech_to_text: Transcribed 1.2s of audio: 'فايل'
2026-09-20 01:56:06,109 [INFO] great_sage.server: Mode: GAMING (model resident=False, hud fps=15, wake word=False, web=True, online=True)
2026-09-20 01:56:06,121 [INFO] great_sage.server: Game detected ('Superposición de Herramienta Recortes') - switched to GAMING, will restore COMPANION afterwards
2026-09-20 01:56:16,262 [INFO] great_sage.server: Mode: COMPANION (model resident=True, hud fps=normal, wake word=True, web=True, online=True)
2026-09-20 01:56:16,263 [INFO] great_sage.server: Game closed - restored COMPANION mode
2026-09-20 01:58:07,306 [INFO] faster_whisper: Processing audio with duration 00:01.230
2026-09-20 01:58:07,332 [INFO] faster_whisper: VAD filter removed 00:01.230 of audio
2026-09-20 01:58:08,157 [INFO] faster_whisper: Detected language 'en' with probability 0.57
2026-09-20 01:58:08,169 [WARNING] great_sage.voice.speech_to_text: Transcribed 1.2s of audio but got NO text. Either nothing was said, or the VAD filter rejected it - check that faster_whisper/assets/silero_vad_v6.onnx is present.
2026-09-20 02:02:45,795 [INFO] faster_whisper: Processing audio with duration 00:01.680
2026-09-20 02:02:45,800 [INFO] faster_whisper: VAD filter removed 00:00.000 of audio
2026-09-20 02:02:46,604 [INFO] faster_whisper: Detected language 'en' with probability 0.54
2026-09-20 02:02:51,405 [INFO] great_sage.voice.speech_to_text: Transcribed 1.7s of audio: 'Buh, buh, buh.'
2026-09-20 02:05:20,571 [INFO] faster_whisper: Processing audio with duration 00:00.750
2026-09-20 02:05:20,599 [INFO] faster_whisper: VAD filter removed 00:00.750 of audio
2026-09-20 02:05:21,390 [INFO] faster_whisper: Detected language 'en' with probability 0.57
2026-09-20 02:05:21,392 [WARNING] great_sage.voice.speech_to_text: Transcribed 0.8s of audio but got NO text. Either nothing was said, or the VAD filter rejected it - check that faster_whisper/assets/silero_vad_v6.onnx is present.
2026-09-20 02:05:51,560 [INFO] faster_whisper: Processing audio with duration 00:00.900
2026-09-20 02:05:51,564 [INFO] faster_whisper: VAD filter removed 00:00.900 of audio
2026-09-20 02:05:52,292 [INFO] faster_whisper: Detected language 'en' with probability 0.57
2026-09-20 02:05:52,295 [WARNING] great_sage.voice.speech_to_text: Transcribed 0.9s of audio but got NO text. Either nothing was said, or the VAD filter rejected it - check that faster_whisper/assets/silero_vad_v6.onnx is present.
2026-09-20 02:06:22,070 [INFO] faster_whisper: Processing audio with duration 00:00.990
2026-09-20 02:06:22,073 [INFO] faster_whisper: VAD filter removed 00:00.990 of audio
2026-09-20 02:06:23,064 [INFO] faster_whisper: Detected language 'en' with probability 0.57
2026-09-20 02:06:23,067 [WARNING] great_sage.voice.speech_to_text: Transcribed 1.0s of audio but got NO text. Either nothing was said, or the VAD filter rejected it - check that faster_whisper/assets/silero_vad_v6.onnx is present.
2026-09-20 02:07:46,670 [INFO] faster_whisper: Processing audio with duration 00:00.960
2026-09-20 02:07:46,673 [INFO] faster_whisper: VAD filter removed 00:00.960 of audio
2026-09-20 02:07:47,429 [INFO] faster_whisper: Detected language 'en' with probability 0.57
2026-09-20 02:07:47,431 [WARNING] great_sage.voice.speech_to_text: Transcribed 1.0s of audio but got NO text. Either nothing was said, or the VAD filter rejected it - check that faster_whisper/assets/silero_vad_v6.onnx is present.
2026-09-20 02:09:46,879 [INFO] faster_whisper: Processing audio with duration 00:00.810
2026-09-20 02:09:46,882 [INFO] faster_whisper: VAD filter removed 00:00.810 of audio
2026-09-20 02:09:47,624 [INFO] faster_whisper: Detected language 'en' with probability 0.57
2026-09-20 02:09:47,626 [WARNING] great_sage.voice.speech_to_text: Transcribed 0.8s of audio but got NO text. Either nothing was said, or the VAD filter rejected it - check that faster_whisper/assets/silero_vad_v6.onnx is present.
2026-09-20 02:13:38,269 [INFO] faster_whisper: Processing audio with duration 00:01.290
2026-09-20 02:13:38,272 [INFO] faster_whisper: VAD filter removed 00:00.000 of audio
2026-09-20 02:13:39,075 [INFO] faster_whisper: Detected language 'en' with probability 0.68
2026-09-20 02:13:41,654 [INFO] great_sage.voice.speech_to_text: Transcribed 1.3s of audio: 'Oh'
2026-09-20 02:16:15,468 [INFO] faster_whisper: Processing audio with duration 00:00.750
2026-09-20 02:16:15,471 [INFO] faster_whisper: VAD filter removed 00:00.750 of audio
2026-09-20 02:16:16,226 [INFO] faster_whisper: Detected language 'en' with probability 0.57
2026-09-20 02:16:16,228 [WARNING] great_sage.voice.speech_to_text: Transcribed 0.8s of audio but got NO text. Either nothing was said, or the VAD filter rejected it - check that faster_whisper/assets/silero_vad_v6.onnx is present.
2026-09-20 02:16:17,838 [INFO] faster_whisper: Processing audio with duration 00:01.590
2026-09-20 02:16:17,842 [INFO] faster_whisper: VAD filter removed 00:01.590 of audio
2026-09-20 02:16:18,538 [INFO] faster_whisper: Detected language 'en' with probability 0.57
2026-09-20 02:16:18,541 [WARNING] great_sage.voice.speech_to_text: Transcribed 1.6s of audio but got NO text. Either nothing was said, or the VAD filter rejected it - check that faster_whisper/assets/silero_vad_v6.onnx is present.
2026-09-20 02:16:23,118 [INFO] faster_whisper: Processing audio with duration 00:00.780
2026-09-20 02:16:23,148 [INFO] faster_whisper: VAD filter removed 00:00.780 of audio
2026-09-20 02:16:23,819 [INFO] faster_whisper: Detected language 'en' with probability 0.57
2026-09-20 02:16:23,821 [WARNING] great_sage.voice.speech_to_text: Transcribed 0.8s of audio but got NO text. Either nothing was said, or the VAD filter rejected it - check that faster_whisper/assets/silero_vad_v6.onnx is present.
2026-09-20 02:16:25,308 [INFO] faster_whisper: Processing audio with duration 00:01.740
2026-09-20 02:16:25,339 [INFO] faster_whisper: VAD filter removed 00:01.740 of audio
2026-09-20 02:16:25,957 [INFO] faster_whisper: Detected language 'en' with probability 0.57
2026-09-20 02:16:25,959 [WARNING] great_sage.voice.speech_to_text: Transcribed 1.7s of audio but got NO text. Either nothing was said, or the VAD filter rejected it - check that faster_whisper/assets/silero_vad_v6.onnx is present.
2026-09-20 02:16:27,082 [INFO] faster_whisper: Processing audio with duration 00:01.770
2026-09-20 02:16:27,086 [INFO] faster_whisper: VAD filter removed 00:01.770 of audio
2026-09-20 02:16:27,688 [INFO] faster_whisper: Detected language 'en' with probability 0.57
2026-09-20 02:16:27,691 [WARNING] great_sage.voice.speech_to_text: Transcribed 1.8s of audio but got NO text. Either nothing was said, or the VAD filter rejected it - check that faster_whisper/assets/silero_vad_v6.onnx is present.
2026-09-20 02:16:28,578 [INFO] faster_whisper: Processing audio with duration 00:01.440
2026-09-20 02:16:28,581 [INFO] faster_whisper: VAD filter removed 00:01.440 of audio
2026-09-20 02:16:29,231 [INFO] faster_whisper: Detected language 'en' with probability 0.57
2026-09-20 02:16:29,232 [WARNING] great_sage.voice.speech_to_text: Transcribed 1.4s of audio but got NO text. Either nothing was said, or the VAD filter rejected it - check that faster_whisper/assets/silero_vad_v6.onnx is present.
2026-09-20 02:16:29,898 [INFO] faster_whisper: Processing audio with duration 00:01.260
2026-09-20 02:16:29,901 [INFO] faster_whisper: VAD filter removed 00:00.000 of audio
2026-09-20 02:16:30,640 [INFO] faster_whisper: Detected language 'en' with probability 0.58
2026-09-20 02:16:31,510 [WARNING] great_sage.voice.speech_to_text: Transcribed 1.3s of audio but got NO text. Either nothing was said, or the VAD filter rejected it - check that faster_whisper/assets/silero_vad_v6.onnx is present.
2026-09-20 02:16:35,658 [INFO] faster_whisper: Processing audio with duration 00:02.520
2026-09-20 02:16:35,663 [INFO] faster_whisper: VAD filter removed 00:01.800 of audio
2026-09-20 02:16:36,349 [INFO] faster_whisper: Detected language 'en' with probability 0.55
2026-09-20 02:16:37,083 [WARNING] great_sage.voice.speech_to_text: Transcribed 2.5s of audio but got NO text. Either nothing was said, or the VAD filter rejected it - check that faster_whisper/assets/silero_vad_v6.onnx is present.
2026-09-20 02:16:37,938 [INFO] faster_whisper: Processing audio with duration 00:02.130
2026-09-20 02:16:37,942 [INFO] faster_whisper: VAD filter removed 00:02.130 of audio
2026-09-20 02:16:38,538 [INFO] faster_whisper: Detected language 'en' with probability 0.57
2026-09-20 02:16:38,540 [WARNING] great_sage.voice.speech_to_text: Transcribed 2.1s of audio but got NO text. Either nothing was said, or the VAD filter rejected it - check that faster_whisper/assets/silero_vad_v6.onnx is present.
2026-09-20 05:24:18,677 [INFO] faster_whisper: Processing audio with duration 00:01.200
2026-09-20 05:24:18,686 [INFO] faster_whisper: VAD filter removed 00:01.200 of audio
2026-09-20 05:24:19,354 [INFO] faster_whisper: Detected language 'en' with probability 0.57
2026-09-20 05:24:19,356 [WARNING] great_sage.voice.speech_to_text: Transcribed 1.2s of audio but got NO text. Either nothing was said, or the VAD filter rejected it - check that faster_whisper/assets/silero_vad_v6.onnx is present.
2026-09-20 05:24:22,698 [INFO] faster_whisper: Processing audio with duration 00:03.030
2026-09-20 05:24:22,703 [INFO] faster_whisper: VAD filter removed 00:03.030 of audio
2026-09-20 05:24:23,364 [INFO] faster_whisper: Detected language 'en' with probability 0.57
2026-09-20 05:24:23,366 [WARNING] great_sage.voice.speech_to_text: Transcribed 3.0s of audio but got NO text. Either nothing was said, or the VAD filter rejected it - check that faster_whisper/assets/silero_vad_v6.onnx is present.
2026-09-20 05:24:25,367 [INFO] faster_whisper: Processing audio with duration 00:00.750
2026-09-20 05:24:25,371 [INFO] faster_whisper: VAD filter removed 00:00.750 of audio
2026-09-20 05:24:26,028 [INFO] faster_whisper: Detected language 'en' with probability 0.57
2026-09-20 05:24:26,030 [WARNING] great_sage.voice.speech_to_text: Transcribed 0.8s of audio but got NO text. Either nothing was said, or the VAD filter rejected it - check that faster_whisper/assets/silero_vad_v6.onnx is present.
2026-09-20 05:24:27,977 [INFO] faster_whisper: Processing audio with duration 00:01.560
2026-09-20 05:24:27,981 [INFO] faster_whisper: VAD filter removed 00:01.560 of audio
2026-09-20 05:24:28,625 [INFO] faster_whisper: Detected language 'en' with probability 0.57
2026-09-20 05:24:28,626 [WARNING] great_sage.voice.speech_to_text: Transcribed 1.6s of audio but got NO text. Either nothing was said, or the VAD filter rejected it - check that faster_whisper/assets/silero_vad_v6.onnx is present.
2026-09-20 05:24:29,598 [INFO] faster_whisper: Processing audio with duration 00:00.990
2026-09-20 05:24:29,600 [INFO] faster_whisper: VAD filter removed 00:00.990 of audio
2026-09-20 05:24:30,196 [INFO] faster_whisper: Detected language 'en' with probability 0.57
2026-09-20 05:24:30,198 [WARNING] great_sage.voice.speech_to_text: Transcribed 1.0s of audio but got NO text. Either nothing was said, or the VAD filter rejected it - check that faster_whisper/assets/silero_vad_v6.onnx is present.
2026-09-20 05:24:30,407 [INFO] faster_whisper: Processing audio with duration 00:00.810
2026-09-20 05:24:30,409 [INFO] faster_whisper: VAD filter removed 00:00.810 of audio
2026-09-20 05:24:31,007 [INFO] faster_whisper: Detected language 'en' with probability 0.57
2026-09-20 05:24:31,008 [WARNING] great_sage.voice.speech_to_text: Transcribed 0.8s of audio but got NO text. Either nothing was said, or the VAD filter rejected it - check that faster_whisper/assets/silero_vad_v6.onnx is present.
2026-09-20 05:24:31,847 [INFO] faster_whisper: Processing audio with duration 00:00.840
2026-09-20 05:24:31,850 [INFO] faster_whisper: VAD filter removed 00:00.840 of audio
2026-09-20 05:24:32,438 [INFO] faster_whisper: Detected language 'en' with probability 0.57
2026-09-20 05:24:32,439 [WARNING] great_sage.voice.speech_to_text: Transcribed 0.8s of audio but got NO text. Either nothing was said, or the VAD filter rejected it - check that faster_whisper/assets/silero_vad_v6.onnx is present.
2026-09-20 05:24:33,557 [INFO] faster_whisper: Processing audio with duration 00:01.020
2026-09-20 05:24:33,559 [INFO] faster_whisper: VAD filter removed 00:01.020 of audio
2026-09-20 05:24:34,192 [INFO] faster_whisper: Detected language 'en' with probability 0.57
2026-09-20 05:24:34,194 [WARNING] great_sage.voice.speech_to_text: Transcribed 1.0s of audio but got NO text. Either nothing was said, or the VAD filter rejected it - check that faster_whisper/assets/silero_vad_v6.onnx is present.
2026-09-20 05:24:34,337 [INFO] faster_whisper: Processing audio with duration 00:00.780
2026-09-20 05:24:34,339 [INFO] faster_whisper: VAD filter removed 00:00.780 of audio
2026-09-20 05:24:34,949 [INFO] faster_whisper: Detected language 'en' with probability 0.57
2026-09-20 05:24:34,951 [WARNING] great_sage.voice.speech_to_text: Transcribed 0.8s of audio but got NO text. Either nothing was said, or the VAD filter rejected it - check that faster_whisper/assets/silero_vad_v6.onnx is present.
2026-09-20 05:49:22,213 [INFO] faster_whisper: Processing audio with duration 00:00.750
2026-09-20 05:49:22,216 [INFO] faster_whisper: VAD filter removed 00:00.750 of audio
2026-09-20 05:49:22,901 [INFO] faster_whisper: Detected language 'en' with probability 0.57
2026-09-20 05:49:22,903 [WARNING] great_sage.voice.speech_to_text: Transcribed 0.8s of audio but got NO text. Either nothing was said, or the VAD filter rejected it - check that faster_whisper/assets/silero_vad_v6.onnx is present.
2026-09-20 05:59:25,572 [INFO] faster_whisper: Processing audio with duration 00:00.750
2026-09-20 05:59:25,574 [INFO] faster_whisper: VAD filter removed 00:00.750 of audio
2026-09-20 05:59:26,294 [INFO] faster_whisper: Detected language 'en' with probability 0.57
2026-09-20 05:59:26,296 [WARNING] great_sage.voice.speech_to_text: Transcribed 0.8s of audio but got NO text. Either nothing was said, or the VAD filter rejected it - check that faster_whisper/assets/silero_vad_v6.onnx is present.
2026-09-20 05:59:28,152 [INFO] faster_whisper: Processing audio with duration 00:01.530
2026-09-20 05:59:28,155 [INFO] faster_whisper: VAD filter removed 00:01.530 of audio
2026-09-20 05:59:28,758 [INFO] faster_whisper: Detected language 'en' with probability 0.57
2026-09-20 05:59:28,759 [WARNING] great_sage.voice.speech_to_text: Transcribed 1.5s of audio but got NO text. Either nothing was said, or the VAD filter rejected it - check that faster_whisper/assets/silero_vad_v6.onnx is present.
2026-09-20 05:59:30,522 [INFO] faster_whisper: Processing audio with duration 00:00.750
2026-09-20 05:59:30,524 [INFO] faster_whisper: VAD filter removed 00:00.750 of audio
2026-09-20 05:59:31,119 [INFO] faster_whisper: Detected language 'en' with probability 0.57
2026-09-20 05:59:31,120 [WARNING] great_sage.voice.speech_to_text: Transcribed 0.8s of audio but got NO text. Either nothing was said, or the VAD filter rejected it - check that faster_whisper/assets/silero_vad_v6.onnx is present.
2026-09-20 05:59:31,992 [INFO] faster_whisper: Processing audio with duration 00:00.780
2026-09-20 05:59:31,996 [INFO] faster_whisper: VAD filter removed 00:00.780 of audio
2026-09-20 05:59:32,587 [INFO] faster_whisper: Detected language 'en' with probability 0.57
2026-09-20 05:59:32,589 [WARNING] great_sage.voice.speech_to_text: Transcribed 0.8s of audio but got NO text. Either nothing was said, or the VAD filter rejected it - check that faster_whisper/assets/silero_vad_v6.onnx is present.
2026-09-20 05:59:36,042 [INFO] faster_whisper: Processing audio with duration 00:00.750
2026-09-20 05:59:36,044 [INFO] faster_whisper: VAD filter removed 00:00.750 of audio
2026-09-20 05:59:36,640 [INFO] faster_whisper: Detected language 'en' with probability 0.57
2026-09-20 05:59:36,642 [WARNING] great_sage.voice.speech_to_text: Transcribed 0.8s of audio but got NO text. Either nothing was said, or the VAD filter rejected it - check that faster_whisper/assets/silero_vad_v6.onnx is present.
2026-09-20 05:59:39,341 [INFO] faster_whisper: Processing audio with duration 00:00.750
2026-09-20 05:59:39,343 [INFO] faster_whisper: VAD filter removed 00:00.750 of audio
2026-09-20 05:59:39,937 [INFO] faster_whisper: Detected language 'en' with probability 0.57
2026-09-20 05:59:39,938 [WARNING] great_sage.voice.speech_to_text: Transcribed 0.8s of audio but got NO text. Either nothing was said, or the VAD filter rejected it - check that faster_whisper/assets/silero_vad_v6.onnx is present.
2026-09-20 05:59:43,901 [INFO] faster_whisper: Processing audio with duration 00:00.750
2026-09-20 05:59:43,903 [INFO] faster_whisper: VAD filter removed 00:00.750 of audio
2026-09-20 05:59:44,496 [INFO] faster_whisper: Detected language 'en' with probability 0.57
2026-09-20 05:59:44,499 [WARNING] great_sage.voice.speech_to_text: Transcribed 0.8s of audio but got NO text. Either nothing was said, or the VAD filter rejected it - check that faster_whisper/assets/silero_vad_v6.onnx is present.
2026-09-20 05:59:50,292 [INFO] faster_whisper: Processing audio with duration 00:00.750
2026-09-20 05:59:50,294 [INFO] faster_whisper: VAD filter removed 00:00.750 of audio
2026-09-20 05:59:50,879 [INFO] faster_whisper: Detected language 'en' with probability 0.57
2026-09-20 05:59:50,880 [WARNING] great_sage.voice.speech_to_text: Transcribed 0.8s of audio but got NO text. Either nothing was said, or the VAD filter rejected it - check that faster_whisper/assets/silero_vad_v6.onnx is present.
2026-09-20 06:09:53,920 [INFO] faster_whisper: Processing audio with duration 00:00.750
2026-09-20 06:09:53,922 [INFO] faster_whisper: VAD filter removed 00:00.750 of audio
2026-09-20 06:09:54,714 [INFO] faster_whisper: Detected language 'en' with probability 0.57
2026-09-20 06:09:54,716 [WARNING] great_sage.voice.speech_to_text: Transcribed 0.8s of audio but got NO text. Either nothing was said, or the VAD filter rejected it - check that faster_whisper/assets/silero_vad_v6.onnx is present.
2026-09-20 07:36:31,855 [INFO] faster_whisper: Processing audio with duration 00:00.780
2026-09-20 07:36:31,862 [INFO] faster_whisper: VAD filter removed 00:00.780 of audio
2026-09-20 07:36:32,508 [INFO] faster_whisper: Detected language 'en' with probability 0.57
2026-09-20 07:36:32,510 [WARNING] great_sage.voice.speech_to_text: Transcribed 0.8s of audio but got NO text. Either nothing was said, or the VAD filter rejected it - check that faster_whisper/assets/silero_vad_v6.onnx is present.
2026-09-20 07:50:28,013 [INFO] faster_whisper: Processing audio with duration 00:00.810
2026-09-20 07:50:28,019 [INFO] faster_whisper: VAD filter removed 00:00.810 of audio
2026-09-20 07:50:28,632 [INFO] faster_whisper: Detected language 'en' with probability 0.57
2026-09-20 07:50:28,633 [WARNING] great_sage.voice.speech_to_text: Transcribed 0.8s of audio but got NO text. Either nothing was said, or the VAD filter rejected it - check that faster_whisper/assets/silero_vad_v6.onnx is present.
2026-09-20 07:51:50,183 [INFO] faster_whisper: Processing audio with duration 00:00.750
2026-09-20 07:51:50,186 [INFO] faster_whisper: VAD filter removed 00:00.750 of audio
2026-09-20 07:51:50,838 [INFO] faster_whisper: Detected language 'en' with probability 0.57
2026-09-20 07:51:50,840 [WARNING] great_sage.voice.speech_to_text: Transcribed 0.8s of audio but got NO text. Either nothing was said, or the VAD filter rejected it - check that faster_whisper/assets/silero_vad_v6.onnx is present.
2026-09-20 09:44:39,425 [INFO] faster_whisper: Processing audio with duration 00:00.900
2026-09-20 09:44:39,429 [INFO] faster_whisper: VAD filter removed 00:00.900 of audio
2026-09-20 09:44:40,285 [INFO] faster_whisper: Detected language 'en' with probability 0.57
2026-09-20 09:44:40,289 [WARNING] great_sage.voice.speech_to_text: Transcribed 0.9s of audio but got NO text. Either nothing was said, or the VAD filter rejected it - check that faster_whisper/assets/silero_vad_v6.onnx is present.
2026-09-20 09:54:08,403 [INFO] faster_whisper: Processing audio with duration 00:00.810
2026-09-20 09:54:08,406 [INFO] faster_whisper: VAD filter removed 00:00.810 of audio
2026-09-20 09:54:09,079 [INFO] faster_whisper: Detected language 'en' with probability 0.57
2026-09-20 09:54:09,081 [WARNING] great_sage.voice.speech_to_text: Transcribed 0.8s of audio but got NO text. Either nothing was said, or the VAD filter rejected it - check that faster_whisper/assets/silero_vad_v6.onnx is present.
2026-09-20 09:54:10,052 [INFO] faster_whisper: Processing audio with duration 00:01.230
2026-09-20 09:54:10,056 [INFO] faster_whisper: VAD filter removed 00:01.230 of audio
2026-09-20 09:54:10,654 [INFO] faster_whisper: Detected language 'en' with probability 0.57
2026-09-20 09:54:10,656 [WARNING] great_sage.voice.speech_to_text: Transcribed 1.2s of audio but got NO text. Either nothing was said, or the VAD filter rejected it - check that faster_whisper/assets/silero_vad_v6.onnx is present.
2026-09-20 10:02:13,081 [INFO] faster_whisper: Processing audio with duration 00:01.110
2026-09-20 10:02:13,086 [INFO] faster_whisper: VAD filter removed 00:01.110 of audio
2026-09-20 10:02:13,754 [INFO] faster_whisper: Detected language 'en' with probability 0.57
2026-09-20 10:02:13,756 [WARNING] great_sage.voice.speech_to_text: Transcribed 1.1s of audio but got NO text. Either nothing was said, or the VAD filter rejected it - check that faster_whisper/assets/silero_vad_v6.onnx is present.
2026-09-20 10:02:14,851 [INFO] faster_whisper: Processing audio with duration 00:00.780
2026-09-20 10:02:14,853 [INFO] faster_whisper: VAD filter removed 00:00.780 of audio
2026-09-20 10:02:15,585 [INFO] faster_whisper: Detected language 'en' with probability 0.57
2026-09-20 10:02:15,588 [WARNING] great_sage.voice.speech_to_text: Transcribed 0.8s of audio but got NO text. Either nothing was said, or the VAD filter rejected it - check that faster_whisper/assets/silero_vad_v6.onnx is present.
2026-09-20 10:02:16,831 [INFO] faster_whisper: Processing audio with duration 00:01.620
2026-09-20 10:02:16,839 [INFO] faster_whisper: VAD filter removed 00:01.620 of audio
2026-09-20 10:02:17,433 [INFO] faster_whisper: Detected language 'en' with probability 0.57
2026-09-20 10:02:17,435 [WARNING] great_sage.voice.speech_to_text: Transcribed 1.6s of audio but got NO text. Either nothing was said, or the VAD filter rejected it - check that faster_whisper/assets/silero_vad_v6.onnx is present.
2026-09-20 10:02:23,342 [INFO] faster_whisper: Processing audio with duration 00:01.560
2026-09-20 10:02:23,346 [INFO] faster_whisper: VAD filter removed 00:00.368 of audio
2026-09-20 10:02:24,044 [INFO] faster_whisper: Detected language 'en' with probability 0.55
2026-09-20 10:02:24,962 [WARNING] great_sage.voice.speech_to_text: Transcribed 1.6s of audio but got NO text. Either nothing was said, or the VAD filter rejected it - check that faster_whisper/assets/silero_vad_v6.onnx is present.
2026-09-20 10:02:44,781 [INFO] websockets.server: connection closed
2026-09-20 10:02:44,785 [INFO] great_sage.server: Client disconnected
2026-09-24 15:44:23,151 [INFO] great_sage.app: Great Sage starting (frozen=False, base=C:\Users\rimse\The-GREAT-SAGE-master)
2026-09-24 15:44:35,612 [INFO] run_hud: Starting Great Sage HUD
2026-09-24 15:45:22,920 [INFO] run_hud: Local chat model warmed in 45.26s
2026-09-24 15:45:22,957 [INFO] great_sage.server: Restored voice FX settings
2026-09-24 15:45:22,962 [INFO] great_sage.server: Autonomy running (0 task(s) restored)
2026-09-24 15:45:22,965 [INFO] great_sage.server: Watching for fullscreen games (auto GAMING mode)
2026-09-24 15:45:22,969 [INFO] great_sage.core.global_hotkey: Global hotkey active: alt+1 (works from any window)
2026-09-24 15:45:22,971 [INFO] great_sage.server: Wake-word listener started (restored from settings)
2026-09-24 15:45:23,056 [INFO] websockets.server: server listening on [::1]:8765
2026-09-24 15:45:23,056 [INFO] websockets.server: server listening on 127.0.0.1:8765
2026-09-24 15:45:23,056 [INFO] great_sage.server: WebSocket bridge listening on ws://localhost:8765
2026-09-24 15:45:24,976 [INFO] websockets.server: connection open
2026-09-24 15:45:24,977 [INFO] great_sage.server: Client connected (::1:62274) ML, like Gecko) Chrome/153.0.0.0 Safari/537.36 Edg/153.0.0.0
2026-09-24 15:45:24,981 [INFO] great_sage.server: Restored 30 saved chat(s)
2026-09-24 15:45:24,982 [INFO] great_sage.server: Mode: COMPANION (model resident=True, hud fps=normal, wake word=True, web=True, online=True)
2026-09-24 15:45:26,375 [INFO] great_sage.server: Client is the hud
2026-09-24 15:45:26,674 [INFO] great_sage.server: Interface sounds ready (12/12)
2026-09-24 15:45:26,722 [INFO] run_hud: Placed window centre at (0,0) size 1924x1055
2026-09-24 15:45:26,734 [INFO] run_hud: Resize border on (style now 0x16050000)
2026-09-24 15:45:26,739 [INFO] run_hud: Host window background set to #070d14 (was the WinForms default, 240,240,240)
2026-09-24 15:45:27,013 [INFO] great_sage.server: Voice key is now alt+1 (works from any window)
2026-09-24 15:45:27,937 [INFO] httpx: HTTP Request: GET https://huggingface.co/api/models/Systran/faster-whisper-base/revision/main "HTTP/1.1 200 OK"
2026-09-24 15:45:29,759 [INFO] faster_whisper: Processing audio with duration 00:01.620
2026-09-24 15:45:30,251 [INFO] faster_whisper: VAD filter removed 00:00.000 of audio
2026-09-24 15:45:31,359 [INFO] run_hud: Overlay will run under C:\Users\rimse\The-GREAT-SAGE-master\.overlay-venv\Scripts\python.exe
2026-09-24 15:45:31,428 [INFO] run_hud: Overlay process started (pid 11964)
2026-09-24 15:45:39,997 [INFO] websockets.server: connection open
2026-09-24 15:45:40,001 [INFO] great_sage.server: Client connected (::1:60261) Gecko) QtWebEngine/6.4.3 Chrome/102.0.5005.177 Safari/537.36
2026-09-24 15:45:40,008 [INFO] great_sage.server: Restored 30 saved chat(s)
2026-09-24 15:45:40,011 [INFO] great_sage.server: Mode: COMPANION (model resident=True, hud fps=normal, wake word=True, web=True, online=True)
2026-09-24 15:45:40,479 [INFO] great_sage.server: Client is the overlay
2026-09-24 15:45:41,358 [INFO] great_sage.voice.speech_to_text: Transcribed 1.6s of audio: 'o no la'
2026-09-24 15:45:41,364 [INFO] faster_whisper: Processing audio with duration 00:02.130
2026-09-24 15:45:41,374 [INFO] faster_whisper: VAD filter removed 00:00.000 of audio
2026-09-24 15:45:41,932 [INFO] great_sage.server: Voice key is now alt+1 (works from any window)
2026-09-24 15:45:42,042 [INFO] great_sage.server: Interface sounds ready (12/12)
2026-09-24 15:45:51,554 [INFO] great_sage.voice.speech_to_text: Transcribed 2.1s of audio: 'y así, sí, ojo.'
2026-09-24 15:45:51,564 [INFO] faster_whisper: Processing audio with duration 00:00.840
2026-09-24 15:45:51,570 [INFO] faster_whisper: VAD filter removed 00:00.304 of audio
2026-09-24 15:45:53,120 [WARNING] great_sage.voice.speech_to_text: Transcribed 0.8s of audio but got NO text. Either nothing was said, or the VAD filter rejected it - check that faster_whisper/assets/silero_vad_v6.onnx is present.
2026-09-24 15:45:53,128 [INFO] faster_whisper: Processing audio with duration 00:02.010
2026-09-24 15:45:53,136 [INFO] faster_whisper: VAD filter removed 00:00.000 of audio
2026-09-24 15:45:53,246 [INFO] great_sage.server: Voice key down: listening (mode COMPANION)
2026-09-24 15:45:54,814 [INFO] great_sage.server: Voice key up: transcribing
2026-09-24 15:45:54,853 [INFO] faster_whisper: Processing audio with duration 00:01.456
2026-09-24 15:45:54,863 [INFO] faster_whisper: VAD filter removed 00:00.272 of audio
2026-09-24 15:45:57,119 [INFO] great_sage.voice.speech_to_text: Transcribed 1.5s of audio: 'hola'
2026-09-24 15:45:59,873 [INFO] great_sage.voice.speech_to_text: Transcribed 2.0s of audio: 'No sé.'
2026-09-24 15:45:59,878 [INFO] faster_whisper: Processing audio with duration 00:00.780
2026-09-24 15:45:59,885 [INFO] faster_whisper: VAD filter removed 00:00.000 of audio
2026-09-24 15:46:01,715 [WARNING] great_sage.voice.speech_to_text: Transcribed 0.8s of audio but got NO text. Either nothing was said, or the VAD filter rejected it - check that faster_whisper/assets/silero_vad_v6.onnx is present.
2026-09-24 15:46:01,723 [INFO] faster_whisper: Processing audio with duration 00:05.460
2026-09-24 15:46:01,745 [INFO] faster_whisper: VAD filter removed 00:00.000 of audio
2026-09-24 15:46:27,752 [INFO] great_sage.voice.speech_to_text: Transcribed 5.5s of audio: 'Ok, lo mismo aquí, se lo digo. Ah, ¿tastos? ¿no? Sí, el agua se atoruma yo.'
2026-09-24 15:46:27,756 [INFO] faster_whisper: Processing audio with duration 00:00.840
2026-09-24 15:46:27,765 [INFO] faster_whisper: VAD filter removed 00:00.000 of audio
2026-09-24 15:46:30,122 [WARNING] great_sage.voice.speech_to_text: Transcribed 0.8s of audio but got NO text. Either nothing was said, or the VAD filter rejected it - check that faster_whisper/assets/silero_vad_v6.onnx is present.
2026-09-24 15:46:30,128 [INFO] faster_whisper: Processing audio with duration 00:03.540
2026-09-24 15:46:30,144 [INFO] faster_whisper: VAD filter removed 00:00.000 of audio
2026-09-24 15:46:33,137 [INFO] great_sage.voice.speech_to_text: Transcribed 3.5s of audio: 'No, ya sí, me llegó, ¿qué me días que no iba a querer? No, la por lo.'
2026-09-24 15:46:33,153 [INFO] faster_whisper: Processing audio with duration 00:00.930
2026-09-24 15:46:33,160 [INFO] faster_whisper: VAD filter removed 00:00.000 of audio
2026-09-24 15:46:44,619 [INFO] great_sage.voice.speech_to_text: Transcribed 0.9s of audio: 'ahora'
2026-09-24 15:46:44,632 [INFO] faster_whisper: Processing audio with duration 00:01.860
2026-09-24 15:46:44,651 [INFO] faster_whisper: VAD filter removed 00:00.000 of audio
2026-09-24 15:46:53,934 [INFO] great_sage.core.metrics: timing hola | first_token=55.42s  text_done=56.80s  total=56.81s
2026-09-24 15:46:53,936 [INFO] great_sage.core.metrics: timing hola | first_token=55.42s  text_done=56.80s  total=56.81s
2026-09-24 15:47:19,061 [INFO] great_sage.voice.speech_to_text: Transcribed 1.9s of audio: 'No, no, no, no, no, no lo hago para él.'
2026-09-24 15:47:19,077 [INFO] faster_whisper: Processing audio with duration 00:01.710
2026-09-24 15:47:19,090 [INFO] faster_whisper: VAD filter removed 00:00.000 of audio
2026-09-24 15:47:21,309 [INFO] great_sage.voice.speech_to_text: Transcribed 1.7s of audio: '¿Puedes gambre que jugar fuertes?'
2026-09-24 15:47:21,318 [INFO] faster_whisper: Processing audio with duration 00:01.950
2026-09-24 15:47:21,331 [INFO] faster_whisper: VAD filter removed 00:00.000 of audio
2026-09-24 15:47:32,496 [INFO] great_sage.voice.speech_to_text: Transcribed 1.9s of audio: 'No, no, no, no, no, no.'
2026-09-24 15:47:32,507 [INFO] faster_whisper: Processing audio with duration 00:02.280
2026-09-24 15:47:32,520 [INFO] faster_whisper: VAD filter removed 00:00.000 of audio
2026-09-24 15:47:37,753 [INFO] great_sage.voice.speech_to_text: Transcribed 2.3s of audio: '¡No rippos nada! Eh?'
2026-09-24 15:47:37,756 [INFO] faster_whisper: Processing audio with duration 00:00.810
2026-09-24 15:47:37,760 [INFO] faster_whisper: VAD filter removed 00:00.810 of audio
2026-09-24 15:47:37,769 [WARNING] great_sage.voice.speech_to_text: Transcribed 0.8s of audio but got NO text. Either nothing was said, or the VAD filter rejected it - check that faster_whisper/assets/silero_vad_v6.onnx is present.
2026-09-24 15:47:37,775 [INFO] faster_whisper: Processing audio with duration 00:00.900
2026-09-24 15:47:37,782 [INFO] faster_whisper: VAD filter removed 00:00.000 of audio
2026-09-24 15:47:39,524 [INFO] great_sage.voice.speech_to_text: Transcribed 0.9s of audio: '¿Eh?'
2026-09-24 15:47:39,529 [INFO] faster_whisper: Processing audio with duration 00:00.780
2026-09-24 15:47:39,534 [INFO] faster_whisper: VAD filter removed 00:00.000 of audio
2026-09-24 15:47:45,935 [INFO] great_sage.voice.speech_to_text: Transcribed 0.8s of audio: 'y que estáis de sumo.'
2026-09-24 15:47:45,941 [INFO] faster_whisper: Processing audio with duration 00:01.740
2026-09-24 15:47:45,954 [INFO] faster_whisper: VAD filter removed 00:00.176 of audio
2026-09-24 15:47:51,561 [INFO] great_sage.voice.speech_to_text: Transcribed 1.7s of audio: '¿Me la ves?'
2026-09-24 15:47:51,571 [INFO] faster_whisper: Processing audio with duration 00:00.780
2026-09-24 15:47:51,579 [INFO] faster_whisper: VAD filter removed 00:00.000 of audio
2026-09-24 15:47:54,204 [WARNING] great_sage.voice.speech_to_text: Transcribed 0.8s of audio but got NO text. Either nothing was said, or the VAD filter rejected it - check that faster_whisper/assets/silero_vad_v6.onnx is present.
2026-09-24 15:47:54,210 [INFO] faster_whisper: Processing audio with duration 00:00.900
2026-09-24 15:47:54,221 [INFO] faster_whisper: VAD filter removed 00:00.000 of audio
2026-09-24 15:47:56,036 [ERROR] great_sage.server: Title generation failed
Traceback (most recent call last):
  File "C:\Users\rimse\AppData\Roaming\Python\Python314\site-packages\urllib3\connectionpool.py", line 540, in _make_request
    response = conn.getresponse()
  File "C:\Users\rimse\AppData\Roaming\Python\Python314\site-packages\urllib3\connection.py", line 638, in getresponse
    httplib_response = super().getresponse()
  File "C:\Python314\Lib\http\client.py", line 1450, in getresponse
    response.begin()
    ~~~~~~~~~~~~~~^^
  File "C:\Python314\Lib\http\client.py", line 336, in begin
    version, status, reason = self._read_status()
                              ~~~~~~~~~~~~~~~~~^^
  File "C:\Python314\Lib\http\client.py", line 297, in _read_status
    line = str(self.fp.readline(_MAXLINE + 1), "iso-8859-1")
               ~~~~~~~~~~~~~~~~^^^^^^^^^^^^^^
  File "C:\Python314\Lib\socket.py", line 725, in readinto
    return self._sock.recv_into(b)
           ~~~~~~~~~~~~~~~~~~~~^^^
TimeoutError: timed out

The above exception was the direct cause of the following exception:

Traceback (most recent call last):
  File "C:\Users\rimse\AppData\Roaming\Python\Python314\site-packages\requests\adapters.py", line 696, in send
    resp = conn.urlopen(
        method=request.method,
    ...<9 lines>...
        chunked=chunked,
    )
  File "C:\Users\rimse\AppData\Roaming\Python\Python314\site-packages\urllib3\connectionpool.py", line 847, in urlopen
    retries = retries.increment(
        method, url, error=new_e, _pool=self, _stacktrace=sys.exc_info()[2]
    )
  File "C:\Users\rimse\AppData\Roaming\Python\Python314\site-packages\urllib3\util\retry.py", line 510, in increment
    raise reraise(type(error), error, _stacktrace)
          ~~~~~~~^^^^^^^^^^^^^^^^^^^^^^^^^^^^^^^^^
  File "C:\Users\rimse\AppData\Roaming\Python\Python314\site-packages\urllib3\util\util.py", line 39, in reraise
    raise value
  File "C:\Users\rimse\AppData\Roaming\Python\Python314\site-packages\urllib3\connectionpool.py", line 793, in urlopen
    response = self._make_request(
        conn,
    ...<10 lines>...
        **response_kw,
    )
  File "C:\Users\rimse\AppData\Roaming\Python\Python314\site-packages\urllib3\connectionpool.py", line 542, in _make_request
    self._raise_timeout(err=e, url=url, timeout_value=read_timeout)
    ~~~~~~~~~~~~~~~~~~~^^^^^^^^^^^^^^^^^^^^^^^^^^^^^^^^^^^^^^^^^^^^
  File "C:\Users\rimse\AppData\Roaming\Python\Python314\site-packages\urllib3\connectionpool.py", line 373, in _raise_timeout
    raise ReadTimeoutError(
        self, url, f"Read timed out. (read timeout={timeout_value})"
    ) from err
urllib3.exceptions.ReadTimeoutError: HTTPConnectionPool(host='localhost', port=11434): Read timed out. (read timeout=60)

During handling of the above exception, another exception occurred:

Traceback (most recent call last):
  File "C:\Users\rimse\The-GREAT-SAGE-master\great_sage\models\ollama_provider.py", line 134, in send_message
    response = requests.post(
        f"{self.host}/api/chat",
        json=self._payload(messages, stream=False),
        timeout=self.timeout,
    )
  File "C:\Users\rimse\AppData\Roaming\Python\Python314\site-packages\requests\api.py", line 134, in post
    return request("post", url, data=data, json=json, **kwargs)
  File "C:\Users\rimse\AppData\Roaming\Python\Python314\site-packages\requests\api.py", line 71, in request
    return session.request(method=method, url=url, **kwargs)
           ~~~~~~~~~~~~~~~^^^^^^^^^^^^^^^^^^^^^^^^^^^^^^^^^^
  File "C:\Users\rimse\AppData\Roaming\Python\Python314\site-packages\requests\sessions.py", line 651, in request
    resp = self.send(prep, **send_kwargs)
  File "C:\Users\rimse\AppData\Roaming\Python\Python314\site-packages\requests\sessions.py", line 784, in send
    r = adapter.send(request, **kwargs)
  File "C:\Users\rimse\AppData\Roaming\Python\Python314\site-packages\requests\adapters.py", line 742, in send
    raise ReadTimeout(e, request=request)
requests.exceptions.ReadTimeout: HTTPConnectionPool(host='localhost', port=11434): Read timed out. (read timeout=60)

The above exception was the direct cause of the following exception:

Traceback (most recent call last):
  File "C:\Users\rimse\The-GREAT-SAGE-master\great_sage\server.py", line 541, in _suggest_title
    out = provider.send_message([{"role": "user", "content": prompt}])
  File "C:\Users\rimse\The-GREAT-SAGE-master\great_sage\models\ollama_provider.py", line 146, in send_message
    raise ModelProviderError(
        f"Ollama did not respond within {self.timeout}s."
    ) from exc
great_sage.models.base.ModelProviderError: Ollama did not respond within 60s.
2026-09-24 15:48:01,147 [INFO] great_sage.voice.speech_to_text: Transcribed 0.9s of audio: '¡Ah! ¡Tienes de fruja!'
2026-09-24 15:48:01,151 [INFO] faster_whisper: Processing audio with duration 00:00.750
2026-09-24 15:48:01,158 [INFO] faster_whisper: VAD filter removed 00:00.000 of audio
2026-09-24 15:48:03,313 [WARNING] great_sage.voice.speech_to_text: Transcribed 0.8s of audio but got NO text. Either nothing was said, or the VAD filter rejected it - check that faster_whisper/assets/silero_vad_v6.onnx is present.
2026-09-24 15:48:03,315 [INFO] faster_whisper: Processing audio with duration 00:00.990
2026-09-24 15:48:03,322 [INFO] faster_whisper: VAD filter removed 00:00.000 of audio
2026-09-24 15:48:08,862 [INFO] great_sage.voice.speech_to_text: Transcribed 1.0s of audio: 'Alla deje por que...'
2026-09-24 15:48:08,868 [INFO] faster_whisper: Processing audio with duration 00:02.160
2026-09-24 15:48:08,881 [INFO] faster_whisper: VAD filter removed 00:00.000 of audio
2026-09-24 15:48:16,416 [INFO] great_sage.voice.speech_to_text: Transcribed 2.2s of audio: '¡Oh, doctor! ¡Sí, voy a ir!'
2026-09-24 15:48:16,420 [INFO] faster_whisper: Processing audio with duration 00:01.500
2026-09-24 15:48:16,431 [INFO] faster_whisper: VAD filter removed 00:00.144 of audio
2026-09-24 15:48:22,403 [INFO] great_sage.voice.speech_to_text: Transcribed 1.5s of audio: 'A ver, pero un duro...'
2026-09-24 15:48:22,412 [INFO] faster_whisper: Processing audio with duration 00:01.110
2026-09-24 15:48:22,421 [INFO] faster_whisper: VAD filter removed 00:00.000 of audio
2026-09-24 15:48:31,942 [INFO] great_sage.voice.speech_to_text: Transcribed 1.1s of audio: 'y nos vemos en la siguiente semana.'
2026-09-24 15:48:31,945 [INFO] faster_whisper: Processing audio with duration 00:00.750
2026-09-24 15:48:31,950 [INFO] faster_whisper: VAD filter removed 00:00.000 of audio
2026-09-24 15:48:38,795 [INFO] great_sage.voice.speech_to_text: Transcribed 0.8s of audio: '¡Adiós!'
2026-09-24 15:48:38,804 [INFO] faster_whisper: Processing audio with duration 00:00.780
2026-09-24 15:48:38,810 [INFO] faster_whisper: VAD filter removed 00:00.000 of audio
2026-09-24 15:48:40,412 [WARNING] great_sage.voice.speech_to_text: Transcribed 0.8s of audio but got NO text. Either nothing was said, or the VAD filter rejected it - check that faster_whisper/assets/silero_vad_v6.onnx is present.
2026-09-24 15:48:40,417 [INFO] faster_whisper: Processing audio with duration 00:00.750
2026-09-24 15:48:40,421 [INFO] faster_whisper: VAD filter removed 00:00.750 of audio
2026-09-24 15:48:40,424 [WARNING] great_sage.voice.speech_to_text: Transcribed 0.8s of audio but got NO text. Either nothing was said, or the VAD filter rejected it - check that faster_whisper/assets/silero_vad_v6.onnx is present.
2026-09-24 15:48:40,429 [INFO] faster_whisper: Processing audio with duration 00:00.900
2026-09-24 15:48:40,435 [INFO] faster_whisper: VAD filter removed 00:00.000 of audio
2026-09-24 15:48:46,411 [INFO] great_sage.voice.speech_to_text: Transcribed 0.9s of audio: 'No, no, no.'
2026-09-24 15:48:46,433 [INFO] faster_whisper: Processing audio with duration 00:00.750
2026-09-24 15:48:46,440 [INFO] faster_whisper: VAD filter removed 00:00.750 of audio
2026-09-24 15:48:46,448 [WARNING] great_sage.voice.speech_to_text: Transcribed 0.8s of audio but got NO text. Either nothing was said, or the VAD filter rejected it - check that faster_whisper/assets/silero_vad_v6.onnx is present.
2026-09-24 15:48:46,450 [INFO] faster_whisper: Processing audio with duration 00:00.810
2026-09-24 15:48:46,455 [INFO] faster_whisper: VAD filter removed 00:00.000 of audio
2026-09-24 15:48:51,814 [INFO] great_sage.voice.speech_to_text: Transcribed 0.8s of audio: 'y'
2026-09-24 15:48:51,836 [INFO] faster_whisper: Processing audio with duration 00:00.840
2026-09-24 15:48:51,842 [INFO] faster_whisper: VAD filter removed 00:00.000 of audio
2026-09-24 15:48:57,744 [INFO] great_sage.voice.speech_to_text: Transcribed 0.8s of audio: 'que no te lo dan.'
2026-09-24 15:48:57,750 [INFO] faster_whisper: Processing audio with duration 00:00.810
2026-09-24 15:48:57,757 [INFO] faster_whisper: VAD filter removed 00:00.000 of audio
2026-09-24 15:49:03,279 [INFO] great_sage.voice.speech_to_text: Transcribed 0.8s of audio: 'No, no, no.'
2026-09-24 15:49:03,293 [INFO] faster_whisper: Processing audio with duration 00:00.750
2026-09-24 15:49:03,303 [INFO] faster_whisper: VAD filter removed 00:00.000 of audio
2026-09-24 15:49:05,804 [WARNING] great_sage.voice.speech_to_text: Transcribed 0.8s of audio but got NO text. Either nothing was said, or the VAD filter rejected it - check that faster_whisper/assets/silero_vad_v6.onnx is present.
2026-09-24 15:49:05,816 [INFO] faster_whisper: Processing audio with duration 00:00.810
2026-09-24 15:49:05,828 [INFO] faster_whisper: VAD filter removed 00:00.000 of audio
2026-09-24 15:49:08,363 [WARNING] great_sage.voice.speech_to_text: Transcribed 0.8s of audio but got NO text. Either nothing was said, or the VAD filter rejected it - check that faster_whisper/assets/silero_vad_v6.onnx is present.
2026-09-24 15:49:08,366 [INFO] faster_whisper: Processing audio with duration 00:00.750
2026-09-24 15:49:08,371 [INFO] faster_whisper: VAD filter removed 00:00.750 of audio
2026-09-24 15:49:08,377 [WARNING] great_sage.voice.speech_to_text: Transcribed 0.8s of audio but got NO text. Either nothing was said, or the VAD filter rejected it - check that faster_whisper/assets/silero_vad_v6.onnx is present.
2026-09-24 15:49:08,411 [INFO] faster_whisper: Processing audio with duration 00:00.750
2026-09-24 15:49:08,417 [INFO] faster_whisper: VAD filter removed 00:00.750 of audio
2026-09-24 15:49:08,422 [WARNING] great_sage.voice.speech_to_text: Transcribed 0.8s of audio but got NO text. Either nothing was said, or the VAD filter rejected it - check that faster_whisper/assets/silero_vad_v6.onnx is present.
2026-09-24 15:49:08,426 [INFO] faster_whisper: Processing audio with duration 00:01.170
2026-09-24 15:49:08,436 [INFO] faster_whisper: VAD filter removed 00:01.170 of audio
2026-09-24 15:49:08,440 [WARNING] great_sage.voice.speech_to_text: Transcribed 1.2s of audio but got NO text. Either nothing was said, or the VAD filter rejected it - check that faster_whisper/assets/silero_vad_v6.onnx is present.
2026-09-24 15:49:08,451 [INFO] faster_whisper: Processing audio with duration 00:02.130
2026-09-24 15:49:08,463 [INFO] faster_whisper: VAD filter removed 00:00.000 of audio
2026-09-24 15:49:25,841 [INFO] great_sage.voice.speech_to_text: Transcribed 2.1s of audio: 'Sí, sí, sí, sí.'
2026-09-24 15:49:25,845 [INFO] faster_whisper: Processing audio with duration 00:01.560
2026-09-24 15:49:25,853 [INFO] faster_whisper: VAD filter removed 00:00.000 of audio
2026-09-24 15:49:27,883 [INFO] great_sage.voice.speech_to_text: Transcribed 1.6s of audio: 'Ah, ah, ah, ah, ah...'
2026-09-24 15:49:27,888 [INFO] faster_whisper: Processing audio with duration 00:01.500
2026-09-24 15:49:27,896 [INFO] faster_whisper: VAD filter removed 00:00.000 of audio
2026-09-24 15:49:34,405 [INFO] great_sage.voice.speech_to_text: Transcribed 1.5s of audio: 'Resipiendo hoy.'
2026-09-24 15:49:34,412 [INFO] faster_whisper: Processing audio with duration 00:00.810
2026-09-24 15:49:34,418 [INFO] faster_whisper: VAD filter removed 00:00.000 of audio
2026-09-24 15:49:39,381 [INFO] great_sage.voice.speech_to_text: Transcribed 0.8s of audio: '¿No?'
2026-09-24 15:49:39,404 [INFO] faster_whisper: Processing audio with duration 00:00.780
2026-09-24 15:49:39,408 [INFO] faster_whisper: VAD filter removed 00:00.000 of audio
2026-09-24 15:49:48,889 [INFO] great_sage.voice.speech_to_text: Transcribed 0.8s of audio: 'Y ahora sí.'
2026-09-24 15:49:48,900 [INFO] faster_whisper: Processing audio with duration 00:00.960
2026-09-24 15:49:48,910 [INFO] faster_whisper: VAD filter removed 00:00.960 of audio
2026-09-24 15:49:48,915 [WARNING] great_sage.voice.speech_to_text: Transcribed 1.0s of audio but got NO text. Either nothing was said, or the VAD filter rejected it - check that faster_whisper/assets/silero_vad_v6.onnx is present.
2026-09-24 15:49:48,926 [INFO] faster_whisper: Processing audio with duration 00:00.780
2026-09-24 15:49:48,932 [INFO] faster_whisper: VAD filter removed 00:00.000 of audio
2026-09-24 15:50:07,480 [INFO] great_sage.voice.speech_to_text: Transcribed 0.8s of audio: 'que le es.'
2026-09-24 15:50:07,497 [INFO] faster_whisper: Processing audio with duration 00:00.750
2026-09-24 15:50:07,506 [INFO] faster_whisper: VAD filter removed 00:00.000 of audio
2026-09-24 15:50:10,292 [WARNING] great_sage.voice.speech_to_text: Transcribed 0.8s of audio but got NO text. Either nothing was said, or the VAD filter rejected it - check that faster_whisper/assets/silero_vad_v6.onnx is present.
2026-09-24 15:50:10,294 [INFO] faster_whisper: Processing audio with duration 00:00.780
2026-09-24 15:50:10,299 [INFO] faster_whisper: VAD filter removed 00:00.000 of audio
2026-09-24 15:50:14,887 [INFO] great_sage.voice.speech_to_text: Transcribed 0.8s of audio: 'Si no, no, no.'
2026-09-24 15:50:14,910 [INFO] faster_whisper: Processing audio with duration 00:00.780
2026-09-24 15:50:14,914 [INFO] faster_whisper: VAD filter removed 00:00.000 of audio
2026-09-24 15:50:19,287 [INFO] great_sage.voice.speech_to_text: Transcribed 0.8s of audio: 'No.'
2026-09-24 15:50:19,290 [INFO] faster_whisper: Processing audio with duration 00:01.260
2026-09-24 15:50:19,295 [INFO] faster_whisper: VAD filter removed 00:01.260 of audio
2026-09-24 15:50:19,297 [WARNING] great_sage.voice.speech_to_text: Transcribed 1.3s of audio but got NO text. Either nothing was said, or the VAD filter rejected it - check that faster_whisper/assets/silero_vad_v6.onnx is present.
2026-09-24 15:50:19,303 [INFO] faster_whisper: Processing audio with duration 00:01.290
2026-09-24 15:50:19,310 [INFO] faster_whisper: VAD filter removed 00:00.000 of audio
2026-09-24 15:50:32,148 [INFO] great_sage.voice.speech_to_text: Transcribed 1.3s of audio: '¡Gracias!'
2026-09-24 15:50:32,160 [INFO] faster_whisper: Processing audio with duration 00:05.700
2026-09-24 15:50:32,190 [INFO] faster_whisper: VAD filter removed 00:00.000 of audio
2026-09-24 15:50:44,854 [INFO] great_sage.voice.speech_to_text: Transcribed 5.7s of audio: 'Pero... Ese es el deshazal, me gusta el deshazal. Y... Así que también...'
2026-09-24 15:50:44,860 [INFO] faster_whisper: Processing audio with duration 00:02.280
2026-09-24 15:50:44,878 [INFO] faster_whisper: VAD filter removed 00:00.000 of audio
2026-09-24 15:50:50,747 [INFO] great_sage.voice.speech_to_text: Transcribed 2.3s of audio: '¡No! ¡No! ¡No! ¡Sí, están buenas!'
2026-09-24 15:51:01,254 [INFO] faster_whisper: Processing audio with duration 00:00.750
2026-09-24 15:51:01,260 [INFO] faster_whisper: VAD filter removed 00:00.750 of audio
2026-09-24 15:51:01,264 [WARNING] great_sage.voice.speech_to_text: Transcribed 0.8s of audio but got NO text. Either nothing was said, or the VAD filter rejected it - check that faster_whisper/assets/silero_vad_v6.onnx is present.
2026-09-24 15:51:05,634 [INFO] faster_whisper: Processing audio with duration 00:01.380
2026-09-24 15:51:05,643 [INFO] faster_whisper: VAD filter removed 00:00.000 of audio
2026-09-24 15:51:12,837 [INFO] great_sage.voice.speech_to_text: Transcribed 1.4s of audio: 'Vamos para el caballero, ya.'
2026-09-24 15:51:13,976 [INFO] faster_whisper: Processing audio with duration 00:00.780
2026-09-24 15:51:13,982 [INFO] faster_whisper: VAD filter removed 00:00.780 of audio
2026-09-24 15:51:13,987 [WARNING] great_sage.voice.speech_to_text: Transcribed 0.8s of audio but got NO text. Either nothing was said, or the VAD filter rejected it - check that faster_whisper/assets/silero_vad_v6.onnx is present.
2026-09-24 15:51:17,093 [INFO] faster_whisper: Processing audio with duration 00:02.700
2026-09-24 15:51:17,104 [INFO] faster_whisper: VAD filter removed 00:00.000 of audio
2026-09-24 15:51:41,634 [INFO] great_sage.voice.speech_to_text: Transcribed 2.7s of audio: 'No, no, no. No, no. No, no.'
2026-09-24 15:51:41,659 [INFO] faster_whisper: Processing audio with duration 00:00.780
2026-09-24 15:51:41,729 [INFO] faster_whisper: VAD filter removed 00:00.000 of audio
2026-09-24 15:51:44,353 [WARNING] great_sage.voice.speech_to_text: Transcribed 0.8s of audio but got NO text. Either nothing was said, or the VAD filter rejected it - check that faster_whisper/assets/silero_vad_v6.onnx is present.
2026-09-24 15:51:44,360 [INFO] faster_whisper: Processing audio with duration 00:02.760
2026-09-24 15:51:44,392 [INFO] faster_whisper: VAD filter removed 00:01.720 of audio
2026-09-24 15:51:52,205 [INFO] great_sage.voice.speech_to_text: Transcribed 2.8s of audio: 'Vamos a ver, vamos a ver.'
2026-09-24 15:51:52,217 [INFO] faster_whisper: Processing audio with duration 00:00.780
2026-09-24 15:51:52,223 [INFO] faster_whisper: VAD filter removed 00:00.000 of audio
2026-09-24 15:51:53,883 [WARNING] great_sage.voice.speech_to_text: Transcribed 0.8s of audio but got NO text. Either nothing was said, or the VAD filter rejected it - check that faster_whisper/assets/silero_vad_v6.onnx is present.
2026-09-24 15:51:53,885 [INFO] faster_whisper: Processing audio with duration 00:00.780
2026-09-24 15:51:53,890 [INFO] faster_whisper: VAD filter removed 00:00.000 of audio
2026-09-24 15:52:02,984 [INFO] great_sage.voice.speech_to_text: Transcribed 0.8s of audio: 'o claveleca'
2026-09-24 15:52:02,990 [INFO] faster_whisper: Processing audio with duration 00:01.200
2026-09-24 15:52:02,996 [INFO] faster_whisper: VAD filter removed 00:00.000 of audio
2026-09-24 15:52:07,748 [INFO] great_sage.voice.speech_to_text: Transcribed 1.2s of audio: '¡No hay cas!'
2026-09-24 15:52:07,751 [INFO] faster_whisper: Processing audio with duration 00:00.840
2026-09-24 15:52:07,754 [INFO] faster_whisper: VAD filter removed 00:00.000 of audio
2026-09-24 15:52:11,882 [INFO] great_sage.voice.speech_to_text: Transcribed 0.8s of audio: 'Y si no, si no, si no, si no, si no...'
2026-09-24 15:52:11,884 [INFO] faster_whisper: Processing audio with duration 00:00.750
2026-09-24 15:52:11,887 [INFO] faster_whisper: VAD filter removed 00:00.000 of audio
2026-09-24 15:52:13,443 [WARNING] great_sage.voice.speech_to_text: Transcribed 0.8s of audio but got NO text. Either nothing was said, or the VAD filter rejected it - check that faster_whisper/assets/silero_vad_v6.onnx is present.
2026-09-24 15:52:13,449 [INFO] faster_whisper: Processing audio with duration 00:01.080
2026-09-24 15:52:13,455 [INFO] faster_whisper: VAD filter removed 00:01.080 of audio
2026-09-24 15:52:13,459 [WARNING] great_sage.voice.speech_to_text: Transcribed 1.1s of audio but got NO text. Either nothing was said, or the VAD filter rejected it - check that faster_whisper/assets/silero_vad_v6.onnx is present.
2026-09-24 15:52:13,467 [INFO] faster_whisper: Processing audio with duration 00:01.350
2026-09-24 15:52:13,475 [INFO] faster_whisper: VAD filter removed 00:00.144 of audio
2026-09-24 15:52:14,981 [INFO] great_sage.voice.speech_to_text: Transcribed 1.4s of audio: 'Ok.'
2026-09-24 15:52:14,983 [INFO] faster_whisper: Processing audio with duration 00:00.750
2026-09-24 15:52:14,986 [INFO] faster_whisper: VAD filter removed 00:00.000 of audio
2026-09-24 15:52:19,801 [INFO] great_sage.voice.speech_to_text: Transcribed 0.8s of audio: 'Ok.'
2026-09-24 15:52:19,811 [INFO] faster_whisper: Processing audio with duration 00:00.990
2026-09-24 15:52:19,824 [INFO] faster_whisper: VAD filter removed 00:00.000 of audio
2026-09-24 15:52:21,360 [WARNING] great_sage.voice.speech_to_text: Transcribed 1.0s of audio but got NO text. Either nothing was said, or the VAD filter rejected it - check that faster_whisper/assets/silero_vad_v6.onnx is present.
2026-09-24 15:52:21,363 [INFO] faster_whisper: Processing audio with duration 00:00.930
2026-09-24 15:52:21,368 [INFO] faster_whisper: VAD filter removed 00:00.000 of audio
2026-09-24 15:52:26,106 [INFO] great_sage.voice.speech_to_text: Transcribed 0.9s of audio: '¡Adiós!'
2026-09-24 15:52:26,115 [INFO] faster_whisper: Processing audio with duration 00:00.810
2026-09-24 15:52:26,121 [INFO] faster_whisper: VAD filter removed 00:00.000 of audio
2026-09-24 15:52:34,116 [INFO] great_sage.voice.speech_to_text: Transcribed 0.8s of audio: 'No, no, no.'
2026-09-24 15:52:34,121 [INFO] faster_whisper: Processing audio with duration 00:01.800
2026-09-24 15:52:34,138 [INFO] faster_whisper: VAD filter removed 00:00.000 of audio
2026-09-24 15:52:42,681 [INFO] great_sage.voice.speech_to_text: Transcribed 1.8s of audio: 'Llega Ritz, AfterSix.'
2026-09-24 15:52:42,703 [INFO] faster_whisper: Processing audio with duration 00:00.990
2026-09-24 15:52:42,708 [INFO] faster_whisper: VAD filter removed 00:00.000 of audio
2026-09-24 15:52:44,276 [INFO] great_sage.voice.speech_to_text: Transcribed 1.0s of audio: '¿Por qué no?'
2026-09-24 15:52:44,280 [INFO] faster_whisper: Processing audio with duration 00:00.840
2026-09-24 15:52:44,285 [INFO] faster_whisper: VAD filter removed 00:00.000 of audio
2026-09-24 15:52:52,268 [INFO] great_sage.voice.speech_to_text: Transcribed 0.8s of audio: 'ahora sí.'
2026-09-24 15:52:52,276 [INFO] faster_whisper: Processing audio with duration 00:01.380
2026-09-24 15:52:52,283 [INFO] faster_whisper: VAD filter removed 00:00.000 of audio
2026-09-24 15:52:53,873 [INFO] great_sage.voice.speech_to_text: Transcribed 1.4s of audio: 'lo que vamos a hacer ahora.'
2026-09-24 15:52:53,879 [INFO] faster_whisper: Processing audio with duration 00:02.430
2026-09-24 15:52:53,890 [INFO] faster_whisper: VAD filter removed 00:00.000 of audio
2026-09-24 15:52:55,728 [INFO] great_sage.voice.speech_to_text: Transcribed 2.4s of audio: 'No, no, no, no, no, no, no, no, no.'
2026-09-24 15:52:55,731 [INFO] faster_whisper: Processing audio with duration 00:00.990
2026-09-24 15:52:55,736 [INFO] faster_whisper: VAD filter removed 00:00.000 of audio
2026-09-24 15:53:00,211 [INFO] great_sage.voice.speech_to_text: Transcribed 1.0s of audio: 'No, no.'
2026-09-24 15:53:00,215 [INFO] faster_whisper: Processing audio with duration 00:00.750
2026-09-24 15:53:00,220 [INFO] faster_whisper: VAD filter removed 00:00.000 of audio
2026-09-24 15:53:13,335 [INFO] great_sage.voice.speech_to_text: Transcribed 0.8s of audio: 'No, no, no.'
2026-09-24 15:53:13,338 [INFO] faster_whisper: Processing audio with duration 00:00.750
2026-09-24 15:53:13,344 [INFO] faster_whisper: VAD filter removed 00:00.000 of audio
2026-09-24 15:53:20,639 [INFO] great_sage.voice.speech_to_text: Transcribed 0.8s of audio: 'No, no, no, no.'
2026-09-24 15:53:20,647 [INFO] faster_whisper: Processing audio with duration 00:00.810
2026-09-24 15:53:20,653 [INFO] faster_whisper: VAD filter removed 00:00.000 of audio
2026-09-24 15:53:28,647 [WARNING] great_sage.voice.speech_to_text: Transcribed 0.8s of audio but got NO text. Either nothing was said, or the VAD filter rejected it - check that faster_whisper/assets/silero_vad_v6.onnx is present.
2026-09-24 15:53:28,654 [INFO] faster_whisper: Processing audio with duration 00:01.980
2026-09-24 15:53:28,664 [INFO] faster_whisper: VAD filter removed 00:00.000 of audio
2026-09-24 15:53:30,340 [INFO] great_sage.voice.speech_to_text: Transcribed 2.0s of audio: 'No la misma que puse de cocina del telio verante.'
2026-09-24 15:53:30,346 [INFO] faster_whisper: Processing audio with duration 00:00.930
2026-09-24 15:53:30,352 [INFO] faster_whisper: VAD filter removed 00:00.000 of audio
2026-09-24 15:53:31,895 [WARNING] great_sage.voice.speech_to_text: Transcribed 0.9s of audio but got NO text. Either nothing was said, or the VAD filter rejected it - check that faster_whisper/assets/silero_vad_v6.onnx is present.
2026-09-24 15:53:31,898 [INFO] faster_whisper: Processing audio with duration 00:00.810
2026-09-24 15:53:31,902 [INFO] faster_whisper: VAD filter removed 00:00.000 of audio
2026-09-24 15:53:33,518 [WARNING] great_sage.voice.speech_to_text: Transcribed 0.8s of audio but got NO text. Either nothing was said, or the VAD filter rejected it - check that faster_whisper/assets/silero_vad_v6.onnx is present.
2026-09-24 15:53:33,519 [INFO] faster_whisper: Processing audio with duration 00:00.750
2026-09-24 15:53:33,526 [INFO] faster_whisper: VAD filter removed 00:00.000 of audio
2026-09-24 15:53:37,525 [INFO] great_sage.voice.speech_to_text: Transcribed 0.8s of audio: 'No, no, no.'
2026-09-24 15:53:37,532 [INFO] faster_whisper: Processing audio with duration 00:00.810
2026-09-24 15:53:37,537 [INFO] faster_whisper: VAD filter removed 00:00.000 of audio
2026-09-24 15:53:45,592 [INFO] great_sage.voice.speech_to_text: Transcribed 0.8s of audio: 'No, no, no, no.'
2026-09-24 15:53:45,596 [INFO] faster_whisper: Processing audio with duration 00:01.320
2026-09-24 15:53:45,605 [INFO] faster_whisper: VAD filter removed 00:00.000 of audio
2026-09-24 15:53:47,190 [INFO] great_sage.voice.speech_to_text: Transcribed 1.3s of audio: '¿Depende qué juego?'
2026-09-24 15:53:47,194 [INFO] faster_whisper: Processing audio with duration 00:00.750
2026-09-24 15:53:47,199 [INFO] faster_whisper: VAD filter removed 00:00.000 of audio
2026-09-24 15:53:55,801 [INFO] great_sage.voice.speech_to_text: Transcribed 0.8s of audio: 'para la gente.'
2026-09-24 15:53:55,808 [INFO] faster_whisper: Processing audio with duration 00:00.870
2026-09-24 15:53:55,812 [INFO] faster_whisper: VAD filter removed 00:00.000 of audio
2026-09-24 15:54:01,080 [INFO] great_sage.voice.speech_to_text: Transcribed 0.9s of audio: 'Vamos a ver.'
2026-09-24 15:54:01,091 [INFO] faster_whisper: Processing audio with duration 00:04.830
2026-09-24 15:54:01,108 [INFO] faster_whisper: VAD filter removed 00:00.000 of audio
2026-09-24 15:54:24,926 [INFO] great_sage.voice.speech_to_text: Transcribed 4.8s of audio: 'que no hay por todo. Tienes muy bien. Yo tengo que estar... Yo estoy con él.'
2026-09-24 15:54:24,931 [INFO] faster_whisper: Processing audio with duration 00:01.770
2026-09-24 15:54:24,940 [INFO] faster_whisper: VAD filter removed 00:00.000 of audio
2026-09-24 15:54:35,743 [INFO] great_sage.voice.speech_to_text: Transcribed 1.8s of audio: 'y no, no, no, no, no.'
2026-09-24 15:54:38,035 [INFO] faster_whisper: Processing audio with duration 00:01.770
2026-09-24 15:54:38,045 [INFO] faster_whisper: VAD filter removed 00:00.000 of audio
2026-09-24 15:54:39,707 [INFO] great_sage.voice.speech_to_text: Transcribed 1.8s of audio: 'un malo de... un malo de...'
2026-09-24 15:54:39,710 [INFO] faster_whisper: Processing audio with duration 00:00.750
2026-09-24 15:54:39,713 [INFO] faster_whisper: VAD filter removed 00:00.000 of audio
2026-09-24 15:54:41,348 [WARNING] great_sage.voice.speech_to_text: Transcribed 0.8s of audio but got NO text. Either nothing was said, or the VAD filter rejected it - check that faster_whisper/assets/silero_vad_v6.onnx is present.
2026-09-24 15:54:41,351 [INFO] faster_whisper: Processing audio with duration 00:00.990
2026-09-24 15:54:41,356 [INFO] faster_whisper: VAD filter removed 00:00.990 of audio
2026-09-24 15:54:41,361 [WARNING] great_sage.voice.speech_to_text: Transcribed 1.0s of audio but got NO text. Either nothing was said, or the VAD filter rejected it - check that faster_whisper/assets/silero_vad_v6.onnx is present.
2026-09-24 15:54:51,022 [INFO] faster_whisper: Processing audio with duration 00:03.150
2026-09-24 15:54:51,036 [INFO] faster_whisper: VAD filter removed 00:00.000 of audio
2026-09-24 15:55:14,942 [INFO] great_sage.voice.speech_to_text: Transcribed 3.1s of audio: 'que tiene que ser informado pero no, no, no es pede, no es...'
2026-09-24 15:55:14,957 [INFO] faster_whisper: Processing audio with duration 00:03.750
2026-09-24 15:55:14,979 [INFO] faster_whisper: VAD filter removed 00:00.000 of audio
2026-09-24 15:55:39,842 [INFO] great_sage.voice.speech_to_text: Transcribed 3.8s of audio: 'si no, no, no, no, no, no, no, no.'
2026-09-24 15:55:39,847 [INFO] faster_whisper: Processing audio with duration 00:01.740
2026-09-24 15:55:39,854 [INFO] faster_whisper: VAD filter removed 00:01.740 of audio
2026-09-24 15:55:39,857 [WARNING] great_sage.voice.speech_to_text: Transcribed 1.7s of audio but got NO text. Either nothing was said, or the VAD filter rejected it - check that faster_whisper/assets/silero_vad_v6.onnx is present.
2026-09-24 15:55:39,863 [INFO] faster_whisper: Processing audio with duration 00:00.780
2026-09-24 15:55:39,867 [INFO] faster_whisper: VAD filter removed 00:00.000 of audio
2026-09-24 15:55:41,450 [INFO] great_sage.voice.speech_to_text: Transcribed 0.8s of audio: 'No, no, no, no.'
2026-09-24 15:55:41,456 [INFO] faster_whisper: Processing audio with duration 00:00.750
2026-09-24 15:55:41,459 [INFO] faster_whisper: VAD filter removed 00:00.000 of audio
2026-09-24 15:55:49,577 [INFO] great_sage.voice.speech_to_text: Transcribed 0.8s of audio: 'Y eso.'
2026-09-24 15:55:49,584 [INFO] faster_whisper: Processing audio with duration 00:01.110
2026-09-24 15:55:49,591 [INFO] faster_whisper: VAD filter removed 00:00.000 of audio
2026-09-24 15:55:58,033 [INFO] great_sage.voice.speech_to_text: Transcribed 1.1s of audio: 'y todo lo que pasa'
2026-09-24 15:55:58,040 [INFO] faster_whisper: Processing audio with duration 00:00.750
2026-09-24 15:55:58,047 [INFO] faster_whisper: VAD filter removed 00:00.750 of audio
2026-09-24 15:55:58,051 [WARNING] great_sage.voice.speech_to_text: Transcribed 0.8s of audio but got NO text. Either nothing was said, or the VAD filter rejected it - check that faster_whisper/assets/silero_vad_v6.onnx is present.
2026-09-24 15:55:58,057 [INFO] faster_whisper: Processing audio with duration 00:00.780
2026-09-24 15:55:58,064 [INFO] faster_whisper: VAD filter removed 00:00.780 of audio
2026-09-24 15:55:58,068 [WARNING] great_sage.voice.speech_to_text: Transcribed 0.8s of audio but got NO text. Either nothing was said, or the VAD filter rejected it - check that faster_whisper/assets/silero_vad_v6.onnx is present.
2026-09-24 15:55:58,085 [INFO] faster_whisper: Processing audio with duration 00:00.780
2026-09-24 15:55:58,090 [INFO] faster_whisper: VAD filter removed 00:00.000 of audio
2026-09-24 15:55:59,712 [WARNING] great_sage.voice.speech_to_text: Transcribed 0.8s of audio but got NO text. Either nothing was said, or the VAD filter rejected it - check that faster_whisper/assets/silero_vad_v6.onnx is present.
2026-09-24 15:56:00,442 [INFO] faster_whisper: Processing audio with duration 00:04.950
2026-09-24 15:56:00,465 [INFO] faster_whisper: VAD filter removed 00:00.000 of audio
2026-09-24 15:56:17,852 [INFO] great_sage.voice.speech_to_text: Transcribed 5.0s of audio: 'como la que pasó pero estoy creando el horno. ¡Ayyy!'
2026-09-24 15:56:17,858 [INFO] faster_whisper: Processing audio with duration 00:01.200
2026-09-24 15:56:17,866 [INFO] faster_whisper: VAD filter removed 00:01.200 of audio
2026-09-24 15:56:17,872 [WARNING] great_sage.voice.speech_to_text: Transcribed 1.2s of audio but got NO text. Either nothing was said, or the VAD filter rejected it - check that faster_whisper/assets/silero_vad_v6.onnx is present.
2026-09-24 15:56:17,877 [INFO] faster_whisper: Processing audio with duration 00:02.790
2026-09-24 15:56:17,887 [INFO] faster_whisper: VAD filter removed 00:00.000 of audio
2026-09-24 15:56:19,620 [INFO] great_sage.voice.speech_to_text: Transcribed 2.8s of audio: 'que estoy en eso que estoy en'
2026-09-24 15:56:43,102 [INFO] faster_whisper: Processing audio with duration 00:00.840
2026-09-24 15:56:43,105 [INFO] faster_whisper: VAD filter removed 00:00.000 of audio
2026-09-24 15:56:51,900 [WARNING] great_sage.voice.speech_to_text: Transcribed 0.8s of audio but got NO text. Either nothing was said, or the VAD filter rejected it - check that faster_whisper/assets/silero_vad_v6.onnx is present.
2026-09-24 15:56:51,905 [INFO] faster_whisper: Processing audio with duration 00:01.650
2026-09-24 15:56:51,914 [INFO] faster_whisper: VAD filter removed 00:00.000 of audio
2026-09-24 15:57:05,258 [INFO] great_sage.voice.speech_to_text: Transcribed 1.6s of audio: '¿Qué es eso?'
2026-09-24 15:57:05,272 [INFO] faster_whisper: Processing audio with duration 00:00.840
2026-09-24 15:57:05,277 [INFO] faster_whisper: VAD filter removed 00:00.000 of audio
2026-09-24 15:57:06,837 [WARNING] great_sage.voice.speech_to_text: Transcribed 0.8s of audio but got NO text. Either nothing was said, or the VAD filter rejected it - check that faster_whisper/assets/silero_vad_v6.onnx is present.
2026-09-24 15:57:18,412 [INFO] faster_whisper: Processing audio with duration 00:00.750
2026-09-24 15:57:18,415 [INFO] faster_whisper: VAD filter removed 00:00.750 of audio
2026-09-24 15:57:18,418 [WARNING] great_sage.voice.speech_to_text: Transcribed 0.8s of audio but got NO text. Either nothing was said, or the VAD filter rejected it - check that faster_whisper/assets/silero_vad_v6.onnx is present.
2026-09-24 15:57:35,991 [INFO] faster_whisper: Processing audio with duration 00:00.750
2026-09-24 15:57:35,994 [INFO] faster_whisper: VAD filter removed 00:00.000 of audio
2026-09-24 15:57:43,225 [INFO] great_sage.voice.speech_to_text: Transcribed 0.8s of audio: '¿Qué pasa?'
2026-09-24 15:57:43,942 [INFO] faster_whisper: Processing audio with duration 00:00.750
2026-09-24 15:57:43,945 [INFO] faster_whisper: VAD filter removed 00:00.750 of audio
2026-09-24 15:57:43,949 [WARNING] great_sage.voice.speech_to_text: Transcribed 0.8s of audio but got NO text. Either nothing was said, or the VAD filter rejected it - check that faster_whisper/assets/silero_vad_v6.onnx is present.
2026-09-24 15:59:28,071 [INFO] faster_whisper: Processing audio with duration 00:00.810
2026-09-24 15:59:28,077 [INFO] faster_whisper: VAD filter removed 00:00.000 of audio
2026-09-24 15:59:32,208 [INFO] great_sage.voice.speech_to_text: Transcribed 0.8s of audio: 'No, no, no.'
2026-09-24 15:59:32,781 [INFO] faster_whisper: Processing audio with duration 00:00.900
2026-09-24 15:59:32,787 [INFO] faster_whisper: VAD filter removed 00:00.000 of audio
2026-09-24 15:59:37,188 [INFO] great_sage.voice.speech_to_text: Transcribed 0.9s of audio: 'en el momento.'
2026-09-24 15:59:45,743 [INFO] faster_whisper: Processing audio with duration 00:01.560
2026-09-24 15:59:45,751 [INFO] faster_whisper: VAD filter removed 00:00.000 of audio
2026-09-24 15:59:53,971 [INFO] great_sage.voice.speech_to_text: Transcribed 1.6s of audio: 'no hay, no hay, no hay, no hay, no hay, no hay.'
2026-09-24 15:59:53,977 [INFO] faster_whisper: Processing audio with duration 00:01.320
2026-09-24 15:59:53,989 [INFO] faster_whisper: VAD filter removed 00:00.080 of audio
2026-09-24 15:59:55,846 [INFO] great_sage.voice.speech_to_text: Transcribed 1.3s of audio: 'como es nada que lo voy a hacer'
2026-09-24 15:59:55,853 [INFO] faster_whisper: Processing audio with duration 00:00.750
2026-09-24 15:59:55,859 [INFO] faster_whisper: VAD filter removed 00:00.000 of audio
2026-09-24 16:00:01,171 [INFO] great_sage.voice.speech_to_text: Transcribed 0.8s of audio: 'No, no, no.'
2026-09-24 16:00:01,174 [INFO] faster_whisper: Processing audio with duration 00:01.260
2026-09-24 16:00:01,181 [INFO] faster_whisper: VAD filter removed 00:00.000 of audio
2026-09-24 16:00:15,177 [INFO] great_sage.voice.speech_to_text: Transcribed 1.3s of audio: 'Dejadme este filo.'
2026-09-24 16:00:15,179 [INFO] faster_whisper: Processing audio with duration 00:01.260
2026-09-24 16:00:15,188 [INFO] faster_whisper: VAD filter removed 00:00.000 of audio
2026-09-24 16:00:26,669 [INFO] great_sage.voice.speech_to_text: Transcribed 1.3s of audio: 'No, no, no, no.'
2026-09-24 16:00:26,673 [INFO] faster_whisper: Processing audio with duration 00:00.990
2026-09-24 16:00:26,680 [INFO] faster_whisper: VAD filter removed 00:00.000 of audio
2026-09-24 16:00:31,651 [INFO] great_sage.voice.speech_to_text: Transcribed 1.0s of audio: '¿Qué ha habido?'
2026-09-24 16:00:31,656 [INFO] faster_whisper: Processing audio with duration 00:01.320
2026-09-24 16:00:31,663 [INFO] faster_whisper: VAD filter removed 00:00.000 of audio
2026-09-24 16:00:36,092 [INFO] great_sage.voice.speech_to_text: Transcribed 1.3s of audio: 'de aéreo de mis amigos.'
2026-09-24 16:00:36,096 [INFO] faster_whisper: Processing audio with duration 00:00.750
2026-09-24 16:00:36,100 [INFO] faster_whisper: VAD filter removed 00:00.000 of audio
2026-09-24 16:00:40,318 [INFO] great_sage.voice.speech_to_text: Transcribed 0.8s of audio: 'Dejad...'
2026-09-24 16:00:40,342 [INFO] faster_whisper: Processing audio with duration 00:00.780
2026-09-24 16:00:40,347 [INFO] faster_whisper: VAD filter removed 00:00.780 of audio
2026-09-24 16:00:40,350 [WARNING] great_sage.voice.speech_to_text: Transcribed 0.8s of audio but got NO text. Either nothing was said, or the VAD filter rejected it - check that faster_whisper/assets/silero_vad_v6.onnx is present.
2026-09-24 16:01:43,880 [INFO] faster_whisper: Processing audio with duration 00:00.750
2026-09-24 16:01:43,884 [INFO] faster_whisper: VAD filter removed 00:00.750 of audio
2026-09-24 16:01:43,890 [WARNING] great_sage.voice.speech_to_text: Transcribed 0.8s of audio but got NO text. Either nothing was said, or the VAD filter rejected it - check that faster_whisper/assets/silero_vad_v6.onnx is present.
2026-09-24 16:02:22,520 [INFO] faster_whisper: Processing audio with duration 00:00.750
2026-09-24 16:02:22,524 [INFO] faster_whisper: VAD filter removed 00:00.000 of audio
2026-09-24 16:02:23,985 [WARNING] great_sage.voice.speech_to_text: Transcribed 0.8s of audio but got NO text. Either nothing was said, or the VAD filter rejected it - check that faster_whisper/assets/silero_vad_v6.onnx is present.
2026-09-24 16:02:23,986 [INFO] faster_whisper: Processing audio with duration 00:00.780
2026-09-24 16:02:23,989 [INFO] faster_whisper: VAD filter removed 00:00.000 of audio
2026-09-24 16:02:28,740 [INFO] great_sage.voice.speech_to_text: Transcribed 0.8s of audio: 'lo que hay en el día.'
2026-09-24 16:02:28,746 [INFO] faster_whisper: Processing audio with duration 00:00.750
2026-09-24 16:02:28,750 [INFO] faster_whisper: VAD filter removed 00:00.000 of audio
2026-09-24 16:02:30,163 [WARNING] great_sage.voice.speech_to_text: Transcribed 0.8s of audio but got NO text. Either nothing was said, or the VAD filter rejected it - check that faster_whisper/assets/silero_vad_v6.onnx is present.
2026-09-24 16:02:46,132 [INFO] faster_whisper: Processing audio with duration 00:00.750
2026-09-24 16:02:46,137 [INFO] faster_whisper: VAD filter removed 00:00.000 of audio
2026-09-24 16:02:56,159 [INFO] great_sage.voice.speech_to_text: Transcribed 0.8s of audio: 'que le pica.'
2026-09-24 16:02:56,163 [INFO] faster_whisper: Processing audio with duration 00:00.750
2026-09-24 16:02:56,168 [INFO] faster_whisper: VAD filter removed 00:00.000 of audio
2026-09-24 16:03:02,867 [INFO] great_sage.voice.speech_to_text: Transcribed 0.8s of audio: 'y esta...'
2026-09-24 16:03:11,480 [INFO] faster_whisper: Processing audio with duration 00:00.750
2026-09-24 16:03:11,484 [INFO] faster_whisper: VAD filter removed 00:00.000 of audio
2026-09-24 16:03:13,066 [WARNING] great_sage.voice.speech_to_text: Transcribed 0.8s of audio but got NO text. Either nothing was said, or the VAD filter rejected it - check that faster_whisper/assets/silero_vad_v6.onnx is present.
2026-09-24 16:04:32,812 [INFO] faster_whisper: Processing audio with duration 00:01.140
2026-09-24 16:04:32,844 [INFO] faster_whisper: VAD filter removed 00:00.688 of audio
2026-09-24 16:04:37,325 [INFO] great_sage.voice.speech_to_text: Transcribed 1.1s of audio: 'No, no, no, no.'
2026-09-24 16:05:03,051 [INFO] faster_whisper: Processing audio with duration 00:00.750
2026-09-24 16:05:03,057 [INFO] faster_whisper: VAD filter removed 00:00.000 of audio
2026-09-24 16:05:23,547 [INFO] great_sage.voice.speech_to_text: Transcribed 0.8s of audio: 'de la vida, de la vida.'
2026-09-24 16:06:00,680 [INFO] faster_whisper: Processing audio with duration 00:01.440
2026-09-24 16:06:00,688 [INFO] faster_whisper: VAD filter removed 00:00.000 of audio
2026-09-24 16:06:07,979 [INFO] great_sage.voice.speech_to_text: Transcribed 1.4s of audio: 'No, no, no, no.'
2026-09-24 16:07:29,180 [INFO] faster_whisper: Processing audio with duration 00:01.500
2026-09-24 16:07:29,189 [INFO] faster_whisper: VAD filter removed 00:00.000 of audio
2026-09-24 16:07:38,589 [INFO] great_sage.voice.speech_to_text: Transcribed 1.5s of audio: 'y recuerdo un río de papá.'
2026-09-24 16:08:11,959 [INFO] faster_whisper: Processing audio with duration 00:00.870
2026-09-24 16:08:11,963 [INFO] faster_whisper: VAD filter removed 00:00.000 of audio
2026-09-24 16:08:16,673 [INFO] great_sage.voice.speech_to_text: Transcribed 0.9s of audio: 'Mejor más en la mano.'
2026-09-24 16:08:22,789 [INFO] faster_whisper: Processing audio with duration 00:00.900
2026-09-24 16:08:22,794 [INFO] faster_whisper: VAD filter removed 00:00.000 of audio
2026-09-24 16:08:29,787 [WARNING] great_sage.voice.speech_to_text: Transcribed 0.9s of audio but got NO text. Either nothing was said, or the VAD filter rejected it - check that faster_whisper/assets/silero_vad_v6.onnx is present.
2026-09-24 16:08:29,790 [INFO] faster_whisper: Processing audio with duration 00:01.530
2026-09-24 16:08:29,796 [INFO] faster_whisper: VAD filter removed 00:00.000 of audio
2026-09-24 16:08:36,365 [INFO] great_sage.voice.speech_to_text: Transcribed 1.5s of audio: '¡Défico!'
2026-09-24 16:09:01,581 [INFO] faster_whisper: Processing audio with duration 00:00.780
2026-09-24 16:09:01,585 [INFO] faster_whisper: VAD filter removed 00:00.000 of audio
2026-09-24 16:09:03,022 [WARNING] great_sage.voice.speech_to_text: Transcribed 0.8s of audio but got NO text. Either nothing was said, or the VAD filter rejected it - check that faster_whisper/assets/silero_vad_v6.onnx is present.
2026-09-24 16:09:07,970 [INFO] faster_whisper: Processing audio with duration 00:01.470
2026-09-24 16:09:07,977 [INFO] faster_whisper: VAD filter removed 00:00.000 of audio
2026-09-24 16:09:11,653 [INFO] great_sage.voice.speech_to_text: Transcribed 1.5s of audio: 'Y'
2026-09-24 16:09:58,339 [INFO] faster_whisper: Processing audio with duration 00:00.750
2026-09-24 16:09:58,343 [INFO] faster_whisper: VAD filter removed 00:00.750 of audio
2026-09-24 16:09:58,345 [WARNING] great_sage.voice.speech_to_text: Transcribed 0.8s of audio but got NO text. Either nothing was said, or the VAD filter rejected it - check that faster_whisper/assets/silero_vad_v6.onnx is present.
2026-09-24 16:10:00,410 [INFO] faster_whisper: Processing audio with duration 00:00.840
2026-09-24 16:10:00,413 [INFO] faster_whisper: VAD filter removed 00:00.000 of audio
2026-09-24 16:10:01,779 [WARNING] great_sage.voice.speech_to_text: Transcribed 0.8s of audio but got NO text. Either nothing was said, or the VAD filter rejected it - check that faster_whisper/assets/silero_vad_v6.onnx is present.
2026-09-24 16:10:06,439 [INFO] faster_whisper: Processing audio with duration 00:00.750
2026-09-24 16:10:06,442 [INFO] faster_whisper: VAD filter removed 00:00.000 of audio
2026-09-24 16:10:18,408 [INFO] great_sage.voice.speech_to_text: Transcribed 0.8s of audio: 'Y ahora lo estoy haciendo.'
2026-09-24 16:10:34,730 [INFO] faster_whisper: Processing audio with duration 00:00.780
2026-09-24 16:10:34,733 [INFO] faster_whisper: VAD filter removed 00:00.000 of audio
2026-09-24 16:10:36,156 [WARNING] great_sage.voice.speech_to_text: Transcribed 0.8s of audio but got NO text. Either nothing was said, or the VAD filter rejected it - check that faster_whisper/assets/silero_vad_v6.onnx is present.
2026-09-24 16:11:08,750 [INFO] faster_whisper: Processing audio with duration 00:01.020
2026-09-24 16:11:08,757 [INFO] faster_whisper: VAD filter removed 00:00.000 of audio
2026-09-24 16:11:15,147 [INFO] great_sage.voice.speech_to_text: Transcribed 1.0s of audio: '¡Ahhh!'
2026-09-24 16:11:54,692 [INFO] faster_whisper: Processing audio with duration 00:00.750
2026-09-24 16:11:54,704 [INFO] faster_whisper: VAD filter removed 00:00.000 of audio
2026-09-24 16:11:56,208 [INFO] websockets.server: connection closed
2026-09-24 16:11:56,254 [INFO] great_sage.server: Client disconnected
2026-09-24 16:11:56,256 [ERROR] websockets.server: connection handler failed
Traceback (most recent call last):
  File "C:\Users\rimse\AppData\Roaming\Python\Python314\site-packages\websockets\asyncio\server.py", line 747, in protocol_handler
    await handler(connection)
  File "C:\Users\rimse\The-GREAT-SAGE-master\great_sage\server.py", line 1560, in handler
    async for raw in websocket:
    ...<353 lines>...
            log.info("Mic device set to %r", index)
  File "C:\Users\rimse\AppData\Roaming\Python\Python314\site-packages\websockets\asyncio\connection.py", line 237, in __aiter__
    yield await self.recv()
          ^^^^^^^^^^^^^^^^^
  File "C:\Users\rimse\AppData\Roaming\Python\Python314\site-packages\websockets\asyncio\connection.py", line 317, in recv
    raise self.protocol.close_exc from self.recv_exc
websockets.exceptions.ConnectionClosedError: no close frame received or sent
2026-09-24 16:11:56,384 [INFO] websockets.server: connection closed
2026-09-24 16:11:56,401 [INFO] great_sage.server: Client disconnected
2026-09-24 16:11:56,402 [ERROR] websockets.server: connection handler failed
Traceback (most recent call last):
  File "C:\Users\rimse\AppData\Roaming\Python\Python314\site-packages\websockets\asyncio\server.py", line 747, in protocol_handler
    await handler(connection)
  File "C:\Users\rimse\The-GREAT-SAGE-master\great_sage\server.py", line 1560, in handler
    async for raw in websocket:
    ...<353 lines>...
            log.info("Mic device set to %r", index)
  File "C:\Users\rimse\AppData\Roaming\Python\Python314\site-packages\websockets\asyncio\connection.py", line 237, in __aiter__
    yield await self.recv()
          ^^^^^^^^^^^^^^^^^
  File "C:\Users\rimse\AppData\Roaming\Python\Python314\site-packages\websockets\asyncio\connection.py", line 317, in recv
    raise self.protocol.close_exc from self.recv_exc
websockets.exceptions.ConnectionClosedError: no close frame received or sent
2026-09-24 16:11:58,392 [INFO] websockets.server: connection open
2026-09-24 16:11:58,393 [INFO] great_sage.server: Client connected (::1:56798) ML, like Gecko) Chrome/153.0.0.0 Safari/537.36 Edg/153.0.0.0
2026-09-24 16:11:58,421 [INFO] great_sage.server: Restored 31 saved chat(s)
2026-09-24 16:11:58,429 [INFO] great_sage.server: Mode: COMPANION (model resident=True, hud fps=normal, wake word=True, web=True, online=True)
2026-09-24 16:11:58,463 [INFO] great_sage.server: Client is the hud
2026-09-24 16:11:58,467 [INFO] great_sage.server: Interface sounds ready (12/12)
2026-09-24 16:11:58,638 [INFO] websockets.server: connection open
2026-09-24 16:11:58,640 [INFO] great_sage.server: Client connected (::1:56799) Gecko) QtWebEngine/6.4.3 Chrome/102.0.5005.177 Safari/537.36
2026-09-24 16:11:58,645 [INFO] great_sage.server: Restored 31 saved chat(s)
2026-09-24 16:11:58,647 [INFO] great_sage.server: Mode: COMPANION (model resident=True, hud fps=normal, wake word=True, web=True, online=True)
2026-09-24 16:11:58,666 [INFO] great_sage.server: Client is the overlay
2026-09-24 16:11:58,667 [INFO] great_sage.server: Interface sounds ready (12/12)
2026-09-24 16:11:59,265 [INFO] great_sage.server: Voice key is now alt+1 (works from any window)
2026-09-24 16:11:59,414 [WARNING] great_sage.voice.speech_to_text: Transcribed 0.8s of audio but got NO text. Either nothing was said, or the VAD filter rejected it - check that faster_whisper/assets/silero_vad_v6.onnx is present.
2026-09-24 16:11:59,455 [INFO] great_sage.server: Voice key is now alt+1 (works from any window)
2026-09-24 16:12:05,942 [INFO] great_sage.server: Mode: GAMING (model resident=False, hud fps=15, wake word=False, web=True, online=True)
2026-09-24 16:12:05,946 [INFO] great_sage.server: Game detected ('Pantalla de bloqueo predeterminada de Windows') - switched to GAMING, will restore COMPANION afterwards
